{"type":"FeatureCollection","name":"margate_city_road_centerlines","metadata":{"source":"NJOGIS NG911 Road Centerlines (Tran_road)","url":"https://services2.arcgis.com/XVOqAjTOJ5P6ngMu/arcgis/rest/services/Tran_road/FeatureServer/0","query_url":"https://services2.arcgis.com/XVOqAjTOJ5P6ngMu/arcgis/rest/services/Tran_road/FeatureServer/0/query","retrieved_at_utc":"2026-09-04T20:05:41.366791+00:00","source_last_edit_date":1785341586960,"out_sr":4326,"query_envelope_wgs84":[-74.5229764,39.3169721,-74.4906359,39.3448774],"spatial_relationship":"esriSpatialRelIntersects","boundary_file":"margate_city_boundary.geojson","boundary_sha256":"031eddf46e7094cefb56fb4555b6f6a3d2c0811908d19b1505d2982f5e271d44","fields":["OBJECTID","PRIMENAME","ELEVTYP_F","ELEVTYP_T"],"feature_count":896,"complete_objectid_inventory_verified":true,"municipal_clipping":"Envelope selection only; clip against the actual municipal boundary in the application."},"features":[{"type":"Feature","id":1445,"properties":{"OBJECTID":1445,"PRIMENAME":"North Clermont Avenue","ELEVTYP_F":0,"ELEVTYP_T":0},"geometry":{"type":"LineString","coordinates":[[-74.4958783789792,39.3315861663078],[-74.4961074969407,39.331876173277],[-74.4966637039936,39.3325559682289],[-74.4968275660548,39.3327669506443],[-74.4969698658229,39.3328908397707],[-74.4970173117461,39.3329369410487]]}},{"type":"Feature","id":1845,"properties":{"OBJECTID":1845,"PRIMENAME":"North 33rd Avenue","ELEVTYP_F":0,"ELEVTYP_T":0},"geometry":{"type":"LineString","coordinates":[[-74.5206075064061,39.3184985658533],[-74.5212985352185,39.3192202293674],[-74.5217677977216,39.3197132960788]]}},{"type":"Feature","id":2068,"properties":{"OBJECTID":2068,"PRIMENAME":"Winchester Avenue","ELEVTYP_F":0,"ELEVTYP_T":0},"geometry":{"type":"LineString","coordinates":[[-74.4952978756133,39.3349559800161],[-74.4946815504765,39.3353027604244],[-74.49456069564,39.3353752415071]]}},{"type":"Feature","id":3224,"properties":{"OBJECTID":3224,"PRIMENAME":"South Coolidge Avenue","ELEVTYP_F":0,"ELEVTYP_T":0},"geometry":{"type":"LineString","coordinates":[[-74.5170051833831,39.3186942286236],[-74.516687672329,39.3183630931227],[-74.516551023379,39.3182205800914]]}},{"type":"Feature","id":3512,"properties":{"OBJECTID":3512,"PRIMENAME":"North Melbourne Avenue","ELEVTYP_F":0,"ELEVTYP_T":0},"geometry":{"type":"LineString","coordinates":[[-74.4910518539856,39.3357195804943],[-74.4909619904788,39.3356074123637],[-74.4900106710725,39.3344282822303]]}},{"type":"Feature","id":4046,"properties":{"OBJECTID":4046,"PRIMENAME":"North Exeter Avenue","ELEVTYP_F":0,"ELEVTYP_T":0},"geometry":{"type":"LineString","coordinates":[[-74.4996866508054,39.3324249083836],[-74.4997205941472,39.3324602924433],[-74.5005125904236,39.3332859002156],[-74.5008299468598,39.3336443204962]]}},{"type":"Feature","id":4616,"properties":{"OBJECTID":4616,"PRIMENAME":"Essex Court","ELEVTYP_F":0,"ELEVTYP_T":0},"geometry":{"type":"LineString","coordinates":[[-74.4947022421563,39.3403498508814],[-74.4937845920306,39.3408430941737]]}},{"type":"Feature","id":4920,"properties":{"OBJECTID":4920,"PRIMENAME":"North 36th Avenue","ELEVTYP_F":0,"ELEVTYP_T":0},"geometry":{"type":"LineString","coordinates":[[-74.5219550489251,39.3230194851657],[-74.5210085273928,39.3220286853017]]}},{"type":"Feature","id":5015,"properties":{"OBJECTID":5015,"PRIMENAME":"Atlantic Avenue","ELEVTYP_F":0,"ELEVTYP_T":0},"geometry":{"type":"LineString","coordinates":[[-74.4947859109099,39.3302334049116],[-74.4942653359342,39.3304845283749]]}},{"type":"Feature","id":5344,"properties":{"OBJECTID":5344,"PRIMENAME":"North Washington Avenue","ELEVTYP_F":0,"ELEVTYP_T":0},"geometry":{"type":"LineString","coordinates":[[-74.4949570322198,39.3370197870229],[-74.4954554328517,39.3375427233244],[-74.4957931136603,39.3378984392118],[-74.4958562945676,39.337964942206],[-74.4958790884285,39.3379796767145],[-74.4958955074093,39.3379828463549],[-74.4959092954565,39.3379855087428]]}},{"type":"Feature","id":5687,"properties":{"OBJECTID":5687,"PRIMENAME":"North Kenyon Avenue","ELEVTYP_F":0,"ELEVTYP_T":0},"geometry":{"type":"LineString","coordinates":[[-74.5104678915283,39.3342430162268],[-74.5095305716556,39.3332478677744]]}},{"type":"Feature","id":6379,"properties":{"OBJECTID":6379,"PRIMENAME":"Winchester Road","ELEVTYP_F":0,"ELEVTYP_T":0},"geometry":{"type":"LineString","coordinates":[[-74.4995743282391,39.3307621096337],[-74.4995583210997,39.3308056666463],[-74.4994576314426,39.3308839181551],[-74.4993651086399,39.3309539875247]]}},{"type":"Feature","id":7014,"properties":{"OBJECTID":7014,"PRIMENAME":"South Jasper Avenue","ELEVTYP_F":0,"ELEVTYP_T":0},"geometry":{"type":"LineString","coordinates":[[-74.501605994223,39.3269225943228],[-74.5027035272013,39.3282719701618]]}},{"type":"Feature","id":7118,"properties":{"OBJECTID":7118,"PRIMENAME":"Winchester Avenue","ELEVTYP_F":0,"ELEVTYP_T":0},"geometry":{"type":"LineString","coordinates":[[-74.5159086135399,39.3230852949184],[-74.5154590472162,39.3233434778531],[-74.5150400533335,39.3235851809822]]}},{"type":"Feature","id":7244,"properties":{"OBJECTID":7244,"PRIMENAME":"North Ventnor Avenue","ELEVTYP_F":0,"ELEVTYP_T":0},"geometry":{"type":"LineString","coordinates":[[-74.5086821294052,39.3254216246195],[-74.5087825923515,39.3253725514846],[-74.5090802346484,39.3252295062269],[-74.5093115250113,39.3251164473627]]}},{"type":"Feature","id":7381,"properties":{"OBJECTID":7381,"PRIMENAME":"Winchester Avenue","ELEVTYP_F":0,"ELEVTYP_T":0},"geometry":{"type":"LineString","coordinates":[[-74.4991010584711,39.332765865239],[-74.4990057398711,39.332821519454],[-74.498622588383,39.3330404836063]]}},{"type":"Feature","id":7450,"properties":{"OBJECTID":7450,"PRIMENAME":"Winchester Avenue","ELEVTYP_F":0,"ELEVTYP_T":0},"geometry":{"type":"LineString","coordinates":[[-74.5142957246461,39.3240142340413],[-74.5138643152844,39.3242627157728]]}},{"type":"Feature","id":7647,"properties":{"OBJECTID":7647,"PRIMENAME":"Fulton Avenue","ELEVTYP_F":0,"ELEVTYP_T":0},"geometry":{"type":"LineString","coordinates":[[-74.5089361093397,39.333588187464],[-74.5086375116221,39.3337608113413],[-74.5080285156338,39.3341128722535],[-74.5069543896157,39.3347326147491],[-74.5066687968946,39.3349019853313]]}},{"type":"Feature","id":7989,"properties":{"OBJECTID":7989,"PRIMENAME":"North Argyle Avenue","ELEVTYP_F":0,"ELEVTYP_T":0},"geometry":{"type":"LineString","coordinates":[[-74.4974057478596,39.3371454271633],[-74.4976805374374,39.3374338121046],[-74.498359106046,39.3381421006017]]}},{"type":"Feature","id":8358,"properties":{"OBJECTID":8358,"PRIMENAME":"South Ventnor Avenue","ELEVTYP_F":0,"ELEVTYP_T":0},"geometry":{"type":"LineString","coordinates":[[-74.5090192700408,39.324809200527],[-74.5086812596185,39.3249721278464],[-74.5083884608728,39.3251138817741]]}},{"type":"Feature","id":8533,"properties":{"OBJECTID":8533,"PRIMENAME":"Martindale Avenue","ELEVTYP_F":0,"ELEVTYP_T":0},"geometry":{"type":"LineString","coordinates":[[-74.4911157874674,39.3320149139595],[-74.4910465738747,39.3319243831492],[-74.4904766431079,39.3312082357315]]}},{"type":"Feature","id":9036,"properties":{"OBJECTID":9036,"PRIMENAME":"Calvert Avenue","ELEVTYP_F":0,"ELEVTYP_T":0},"geometry":{"type":"LineString","coordinates":[[-74.4919031482493,39.3384105783664],[-74.4919813233565,39.338433317596],[-74.4920692916082,39.3384561132909],[-74.4921344560025,39.3384662491557],[-74.4922224268697,39.3384662550653],[-74.4923006051925,39.3384611805763],[-74.4923950826809,39.3384510823652],[-74.4924863101614,39.3384258006635],[-74.4925644902055,39.3383929124928],[-74.4927429189023,39.3382918002751],[-74.492743908478,39.3382912238164]]}},{"type":"Feature","id":9387,"properties":{"OBJECTID":9387,"PRIMENAME":"Atlantic Avenue","ELEVTYP_F":0,"ELEVTYP_T":0},"geometry":{"type":"LineString","coordinates":[[-74.5181552214295,39.317252840827],[-74.5176156158704,39.3175781508643]]}},{"type":"Feature","id":9615,"properties":{"OBJECTID":9615,"PRIMENAME":"Ventnor Avenue","ELEVTYP_F":0,"ELEVTYP_T":0},"geometry":{"type":"LineString","coordinates":[[-74.4964120014572,39.3313240803791],[-74.4958783789792,39.3315861663078]]}},{"type":"Feature","id":9689,"properties":{"OBJECTID":9689,"PRIMENAME":"South Douglass Avenue","ELEVTYP_F":0,"ELEVTYP_T":0},"geometry":{"type":"LineString","coordinates":[[-74.4950900925203,39.3287886369588],[-74.4957454236641,39.3296024018143],[-74.4958420732342,39.3297225568344]]}},{"type":"Feature","id":9695,"properties":{"OBJECTID":9695,"PRIMENAME":"North Ventnor Avenue","ELEVTYP_F":0,"ELEVTYP_T":0},"geometry":{"type":"LineString","coordinates":[[-74.5112045932332,39.3241943600954],[-74.5113018004912,39.3241448734169],[-74.5114552477362,39.3240733607051],[-74.5114920453011,39.3240542751069],[-74.5115012688361,39.3240376073111],[-74.5114951148653,39.3240161369863],[-74.511467500224,39.3239827789164],[-74.5113687472937,39.3238747457162]]}},{"type":"Feature","id":9874,"properties":{"OBJECTID":9874,"PRIMENAME":"Atlantic Avenue","ELEVTYP_F":0,"ELEVTYP_T":0},"geometry":{"type":"LineString","coordinates":[[-74.491645259207,39.3317583130236],[-74.4911157874674,39.3320149139595]]}},{"type":"Feature","id":9875,"properties":{"OBJECTID":9875,"PRIMENAME":"North 34th Avenue","ELEVTYP_F":0,"ELEVTYP_T":0},"geometry":{"type":"LineString","coordinates":[[-74.5230586244951,39.3223855940128],[-74.5222114600488,39.3214982139534],[-74.5221107151614,39.3213926890635]]}},{"type":"Feature","id":9961,"properties":{"OBJECTID":9961,"PRIMENAME":"South Mansfield Avenue","ELEVTYP_F":0,"ELEVTYP_T":0},"geometry":{"type":"LineString","coordinates":[[-74.504241935562,39.3256436131353],[-74.5044085953053,39.325825234673],[-74.5047205277378,39.3261565448951],[-74.5052022008813,39.3266588475907]]}},{"type":"Feature","id":10171,"properties":{"OBJECTID":10171,"PRIMENAME":"Atlantic Avenue","ELEVTYP_F":0,"ELEVTYP_T":0},"geometry":{"type":"LineString","coordinates":[[-74.4979389751786,39.3287014368718],[-74.4974181768568,39.3289549085082]]}},{"type":"Feature","id":10376,"properties":{"OBJECTID":10376,"PRIMENAME":"Fremont Avenue","ELEVTYP_F":0,"ELEVTYP_T":0},"geometry":{"type":"LineString","coordinates":[[-74.5098429093449,39.3315287670588],[-74.5104383376957,39.3311858337739]]}},{"type":"Feature","id":10927,"properties":{"OBJECTID":10927,"PRIMENAME":"Monmouth Avenue","ELEVTYP_F":0,"ELEVTYP_T":0},"geometry":{"type":"LineString","coordinates":[[-74.5138954744379,39.326124647368],[-74.5142832753161,39.3259014577382],[-74.5143974837153,39.3258353004229]]}},{"type":"Feature","id":11079,"properties":{"OBJECTID":11079,"PRIMENAME":"North Granville Avenue","ELEVTYP_F":0,"ELEVTYP_T":0},"geometry":{"type":"LineString","coordinates":[[-74.5038035033966,39.333473341735],[-74.5028531356743,39.332479018998]]}},{"type":"Feature","id":11310,"properties":{"OBJECTID":11310,"PRIMENAME":"Amherst Avenue","ELEVTYP_F":0,"ELEVTYP_T":0},"geometry":{"type":"LineString","coordinates":[[-74.5007755874057,39.3352150174617],[-74.5009627981065,39.3351071652531],[-74.5012065791167,39.3349664748091]]}},{"type":"Feature","id":11606,"properties":{"OBJECTID":11606,"PRIMENAME":"South Rumson Avenue","ELEVTYP_F":0,"ELEVTYP_T":0},"geometry":{"type":"LineString","coordinates":[[-74.5085330317026,39.325265351434],[-74.5084218239413,39.3251488372973],[-74.5083884608728,39.3251138817741]]}},{"type":"Feature","id":11881,"properties":{"OBJECTID":11881,"PRIMENAME":"Atlantic Avenue","ELEVTYP_F":0,"ELEVTYP_T":0},"geometry":{"type":"LineString","coordinates":[[-74.5021343998764,39.3266661382393],[-74.5016574320194,39.3268976626486],[-74.501605994223,39.3269225943228]]}},{"type":"Feature","id":12051,"properties":{"OBJECTID":12051,"PRIMENAME":"Balfour Avenue","ELEVTYP_F":0,"ELEVTYP_T":0},"geometry":{"type":"LineString","coordinates":[[-74.4913725387437,39.3406244942491],[-74.4919426390914,39.3402954375706]]}},{"type":"Feature","id":12140,"properties":{"OBJECTID":12140,"PRIMENAME":"North Vendome Avenue","ELEVTYP_F":0,"ELEVTYP_T":0},"geometry":{"type":"LineString","coordinates":[[-74.5152471630017,39.3284222350887],[-74.5152132961061,39.3283866987804],[-74.5146149811878,39.3277588760946],[-74.5143007326179,39.3274303105229]]}},{"type":"Feature","id":12170,"properties":{"OBJECTID":12170,"PRIMENAME":"Monmouth Avenue","ELEVTYP_F":0,"ELEVTYP_T":0},"geometry":{"type":"LineString","coordinates":[[-74.4973918377598,39.3356212154657],[-74.4974824239001,39.3355686919232],[-74.4978361747875,39.335366506928]]}},{"type":"Feature","id":12216,"properties":{"OBJECTID":12216,"PRIMENAME":"South Clermont Avenue","ELEVTYP_F":0,"ELEVTYP_T":0},"geometry":{"type":"LineString","coordinates":[[-74.4943053191382,39.3296425103193],[-74.4947859109099,39.3302334049116]]}},{"type":"Feature","id":12553,"properties":{"OBJECTID":12553,"PRIMENAME":"North Lafayette Avenue","ELEVTYP_F":0,"ELEVTYP_T":0},"geometry":{"type":"LineString","coordinates":[[-74.492743908478,39.3382912238164],[-74.4936950949397,39.3392934535026]]}},{"type":"Feature","id":12724,"properties":{"OBJECTID":12724,"PRIMENAME":"Monmouth Avenue","ELEVTYP_F":0,"ELEVTYP_T":0},"geometry":{"type":"LineString","coordinates":[[-74.506102685742,39.3306122115459],[-74.5064348920505,39.3304177988231],[-74.5066985847309,39.3302656724345]]}},{"type":"Feature","id":12788,"properties":{"OBJECTID":12788,"PRIMENAME":"North Washington Avenue","ELEVTYP_F":0,"ELEVTYP_T":0},"geometry":{"type":"LineString","coordinates":[[-74.5150400533335,39.3235851809822],[-74.5154913029844,39.3240563094712],[-74.5162001566766,39.3248022447247]]}},{"type":"Feature","id":12805,"properties":{"OBJECTID":12805,"PRIMENAME":"North Jerome Avenue","ELEVTYP_F":0,"ELEVTYP_T":0},"geometry":{"type":"LineString","coordinates":[[-74.5108407858479,39.3355754628848],[-74.5115148360157,39.3362755202694],[-74.5120473768738,39.3368389908732],[-74.5123229253814,39.3371367195495]]}},{"type":"Feature","id":12966,"properties":{"OBJECTID":12966,"PRIMENAME":"Jerome Avenue","ELEVTYP_F":0,"ELEVTYP_T":0},"geometry":{"type":"LineString","coordinates":[[-74.5123992234973,39.3377467871995],[-74.5127316728872,39.3375554311936]]}},{"type":"Feature","id":13261,"properties":{"OBJECTID":13261,"PRIMENAME":"Amherst Avenue","ELEVTYP_F":0,"ELEVTYP_T":0},"geometry":{"type":"LineString","coordinates":[[-74.5159735804005,39.3264703377914],[-74.5164052441969,39.3262224239219]]}},{"type":"Feature","id":13406,"properties":{"OBJECTID":13406,"PRIMENAME":"South Mansfield Avenue","ELEVTYP_F":0,"ELEVTYP_T":0},"geometry":{"type":"LineString","coordinates":[[-74.5053799320723,39.3268456288796],[-74.5052022008813,39.3266588475907]]}},{"type":"Feature","id":13661,"properties":{"OBJECTID":13661,"PRIMENAME":"Seaside Court","ELEVTYP_F":0,"ELEVTYP_T":0},"geometry":{"type":"LineString","coordinates":[[-74.50856120941,39.3368832025031],[-74.5085582514172,39.3366839211935],[-74.5085659052131,39.3365319741364],[-74.5085812320188,39.3363860124141],[-74.5086042325767,39.3362429885724],[-74.5086387247365,39.3361148723324],[-74.508657913344,39.3360284919059],[-74.5086576300689,39.3360265966155]]}},{"type":"Feature","id":13825,"properties":{"OBJECTID":13825,"PRIMENAME":"Fulton Avenue","ELEVTYP_F":0,"ELEVTYP_T":0},"geometry":{"type":"LineString","coordinates":[[-74.5095305716556,39.3332478677744],[-74.5093634572099,39.3333411245842],[-74.5089361093397,39.333588187464]]}},{"type":"Feature","id":13957,"properties":{"OBJECTID":13957,"PRIMENAME":"East Colmar Circle","ELEVTYP_F":0,"ELEVTYP_T":0},"geometry":{"type":"LineString","coordinates":[[-74.5048980915423,39.3351319420624],[-74.5048367340086,39.3354537116293],[-74.504809910112,39.3356205407029],[-74.5048022255799,39.3359661408148]]}},{"type":"Feature","id":13995,"properties":{"OBJECTID":13995,"PRIMENAME":"Burk Avenue","ELEVTYP_F":0,"ELEVTYP_T":0},"geometry":{"type":"LineString","coordinates":[[-74.4999866376696,39.3433188774206],[-74.5000306621049,39.3433103377156],[-74.5001040713088,39.3432818377715],[-74.5002288587665,39.3432191266396],[-74.5002428950758,39.3432110490267],[-74.500613182628,39.3429979514883],[-74.5010062733147,39.3427717268313],[-74.5011647402139,39.3426805280029],[-74.5013819912862,39.3425549100317]]}},{"type":"Feature","id":14639,"properties":{"OBJECTID":14639,"PRIMENAME":"Brunswick Court","ELEVTYP_F":0,"ELEVTYP_T":0},"geometry":{"type":"LineString","coordinates":[[-74.5046319432365,39.341805365324],[-74.5044863292698,39.3417796438244],[-74.5043925194303,39.3417688565709],[-74.5042952439027,39.3417688602033],[-74.5041424187942,39.3417796565794],[-74.504022853072,39.3417995597251],[-74.5038992513295,39.3418201357902]]}},{"type":"Feature","id":15261,"properties":{"OBJECTID":15261,"PRIMENAME":"Amherst Avenue","ELEVTYP_F":0,"ELEVTYP_T":0},"geometry":{"type":"LineString","coordinates":[[-74.5029311211108,39.3339762399899],[-74.5030975379576,39.3338812899054],[-74.5032002087837,39.333821925299]]}},{"type":"Feature","id":15660,"properties":{"OBJECTID":15660,"PRIMENAME":"North Clarendon Avenue","ELEVTYP_F":0,"ELEVTYP_T":0},"geometry":{"type":"LineString","coordinates":[[-74.4983287358022,39.3350849999815],[-74.4983361955112,39.3350927065485],[-74.498408047057,39.3351669390953],[-74.4988612675561,39.3356351593558],[-74.4992701287666,39.3360782340406]]}},{"type":"Feature","id":15932,"properties":{"OBJECTID":15932,"PRIMENAME":"North Argyle Avenue","ELEVTYP_F":0,"ELEVTYP_T":0},"geometry":{"type":"LineString","coordinates":[[-74.498359106046,39.3381421006017],[-74.4985681227427,39.3381638543896]]}},{"type":"Feature","id":16049,"properties":{"OBJECTID":16049,"PRIMENAME":"South Jefferson Avenue","ELEVTYP_F":0,"ELEVTYP_T":0},"geometry":{"type":"LineString","coordinates":[[-74.5140429932824,39.3197390307338],[-74.5144512194398,39.3201688185995]]}},{"type":"Feature","id":16882,"properties":{"OBJECTID":16882,"PRIMENAME":"Bayshore Drive","ELEVTYP_F":0,"ELEVTYP_T":0},"geometry":{"type":"LineString","coordinates":[[-74.5046319432365,39.341805365324],[-74.504660013713,39.3417284023816],[-74.5047051610128,39.3416204949293],[-74.5047677047838,39.3415098969194],[-74.5048054061959,39.3414513299379],[-74.5048580050237,39.3413696159424],[-74.5049934217308,39.3412255990959]]}},{"type":"Feature","id":18108,"properties":{"OBJECTID":18108,"PRIMENAME":"Amherst Avenue","ELEVTYP_F":0,"ELEVTYP_T":0},"geometry":{"type":"LineString","coordinates":[[-74.5066165711502,39.3318543864065],[-74.5070399929569,39.3316110669818]]}},{"type":"Feature","id":18325,"properties":{"OBJECTID":18325,"PRIMENAME":"North Ventnor Avenue","ELEVTYP_F":0,"ELEVTYP_T":0},"geometry":{"type":"LineString","coordinates":[[-74.5105761688419,39.3245008384154],[-74.5106881176297,39.3244476161314],[-74.5111146317587,39.3242402220207],[-74.5112045932332,39.3241943600954]]}},{"type":"Feature","id":18840,"properties":{"OBJECTID":18840,"PRIMENAME":"South Benson Avenue","ELEVTYP_F":0,"ELEVTYP_T":0},"geometry":{"type":"LineString","coordinates":[[-74.511213318046,39.32149021115],[-74.5113608914721,39.3216427193469],[-74.5118836659191,39.3221913665552],[-74.5127379572664,39.3230869750789]]}},{"type":"Feature","id":18898,"properties":{"OBJECTID":18898,"PRIMENAME":"North Decatur Avenue","ELEVTYP_F":0,"ELEVTYP_T":0},"geometry":{"type":"LineString","coordinates":[[-74.5147006170331,39.3244375415597],[-74.5142957246461,39.3240142340413]]}},{"type":"Feature","id":18997,"properties":{"OBJECTID":18997,"PRIMENAME":"South 33rd Avenue","ELEVTYP_F":0,"ELEVTYP_T":0},"geometry":{"type":"LineString","coordinates":[[-74.5194513200088,39.3172881884755],[-74.519811795397,39.3176675551133],[-74.5206075064061,39.3184985658533]]}},{"type":"Feature","id":19282,"properties":{"OBJECTID":19282,"PRIMENAME":"Frontenac Avenue","ELEVTYP_F":0,"ELEVTYP_T":0},"geometry":{"type":"LineString","coordinates":[[-74.49916885404,39.3311026656802],[-74.4990644517518,39.3311817951122]]}},{"type":"Feature","id":19750,"properties":{"OBJECTID":19750,"PRIMENAME":"South Vendome Avenue","ELEVTYP_F":0,"ELEVTYP_T":0},"geometry":{"type":"LineString","coordinates":[[-74.5088299275532,39.321713778136],[-74.5095865909127,39.3224972557858]]}},{"type":"Feature","id":19779,"properties":{"OBJECTID":19779,"PRIMENAME":"Winchester Avenue","ELEVTYP_F":0,"ELEVTYP_T":0},"geometry":{"type":"LineString","coordinates":[[-74.4916719420531,39.3354186719097],[-74.4910518539856,39.3357195804943]]}},{"type":"Feature","id":20357,"properties":{"OBJECTID":20357,"PRIMENAME":"South 35th Avenue","ELEVTYP_F":0,"ELEVTYP_T":0},"geometry":{"type":"LineString","coordinates":[[-74.5176156158704,39.3175781508643],[-74.5180902161896,39.3180733738757]]}},{"type":"Feature","id":20618,"properties":{"OBJECTID":20618,"PRIMENAME":"North Swarthmore Avenue","ELEVTYP_F":0,"ELEVTYP_T":0},"geometry":{"type":"LineString","coordinates":[[-74.4930798002037,39.3362517778414],[-74.4929914883201,39.3361514723903],[-74.4926103888264,39.3356783668212],[-74.4921959573589,39.3351645950119]]}},{"type":"Feature","id":20627,"properties":{"OBJECTID":20627,"PRIMENAME":"Balfour Avenue","ELEVTYP_F":0,"ELEVTYP_T":0},"geometry":{"type":"LineString","coordinates":[[-74.4929324708769,39.3397218192126],[-74.4930784758985,39.339636602077]]}},{"type":"Feature","id":20874,"properties":{"OBJECTID":20874,"PRIMENAME":"Seaside Court","ELEVTYP_F":0,"ELEVTYP_T":0},"geometry":{"type":"LineString","coordinates":[[-74.5086576300689,39.3360265966155],[-74.5086537374644,39.3360013921448],[-74.5086427372135,39.3359642983653],[-74.5086221808442,39.3359364557463],[-74.5085581496799,39.3358497274504],[-74.5083432582725,39.3356262989731],[-74.5078364656119,39.3350978178905],[-74.5078172650133,39.3350833494133],[-74.5077953433292,39.3350710493735],[-74.507753019632,39.3350575165761]]}},{"type":"Feature","id":20904,"properties":{"OBJECTID":20904,"PRIMENAME":"North Fredericksburg Avenue","ELEVTYP_F":0,"ELEVTYP_T":0},"geometry":{"type":"LineString","coordinates":[[-74.4976044087627,39.3385761803485],[-74.4980295024081,39.3390236176324]]}},{"type":"Feature","id":20918,"properties":{"OBJECTID":20918,"PRIMENAME":"North Huntington Avenue","ELEVTYP_F":0,"ELEVTYP_T":0},"geometry":{"type":"LineString","coordinates":[[-74.50856120941,39.3368832025031],[-74.5092568602313,39.3376143150393],[-74.5094308790387,39.3377972012739],[-74.5100119663854,39.3384039215305]]}},{"type":"Feature","id":21408,"properties":{"OBJECTID":21408,"PRIMENAME":"North Brunswick Drive","ELEVTYP_F":0,"ELEVTYP_T":0},"geometry":{"type":"LineString","coordinates":[[-74.4988445205474,39.337124982929],[-74.4991669824643,39.3369396370366]]}},{"type":"Feature","id":23746,"properties":{"OBJECTID":23746,"PRIMENAME":"South Martindale Avenue","ELEVTYP_F":0,"ELEVTYP_T":0},"geometry":{"type":"LineString","coordinates":[[-74.4921900402266,39.3333708934418],[-74.4921487482313,39.3333371182525],[-74.4921068208461,39.33330131167],[-74.4920272107601,39.3332069099603],[-74.4912403897822,39.3321778761584]]}},{"type":"Feature","id":24396,"properties":{"OBJECTID":24396,"PRIMENAME":"Winchester Avenue","ELEVTYP_F":0,"ELEVTYP_T":0},"geometry":{"type":"LineString","coordinates":[[-74.4957203291053,39.3347072366221],[-74.495439978075,39.3348760312518],[-74.4952978756133,39.3349559800161]]}},{"type":"Feature","id":24409,"properties":{"OBJECTID":24409,"PRIMENAME":"Monmouth Avenue","ELEVTYP_F":0,"ELEVTYP_T":0},"geometry":{"type":"LineString","coordinates":[[-74.4990207460896,39.334244471234],[-74.4995041364963,39.3339651283414]]}},{"type":"Feature","id":24753,"properties":{"OBJECTID":24753,"PRIMENAME":"Bayside Court","ELEVTYP_F":0,"ELEVTYP_T":0},"geometry":{"type":"LineString","coordinates":[[-74.5105668117457,39.3379629154466],[-74.5104132983154,39.3377990947933],[-74.5098760973081,39.3372330633963],[-74.509656955356,39.3370102422042]]}},{"type":"Feature","id":25622,"properties":{"OBJECTID":25622,"PRIMENAME":"North Lancaster Avenue","ELEVTYP_F":0,"ELEVTYP_T":0},"geometry":{"type":"LineString","coordinates":[[-74.5061802594271,39.3286857770491],[-74.5054683623028,39.3279413470348],[-74.5049362257061,39.327374934914],[-74.5048109273231,39.3272445751459]]}},{"type":"Feature","id":25703,"properties":{"OBJECTID":25703,"PRIMENAME":"Kingsley Drive","ELEVTYP_F":0,"ELEVTYP_T":0},"geometry":{"type":"LineString","coordinates":[[-74.4948393358061,39.3417008967788],[-74.4948834977631,39.3417420568534],[-74.4951728627179,39.3420426937713],[-74.4952471840961,39.3421216629532],[-74.4952823649238,39.3421641674196],[-74.4953058407179,39.3422006314562],[-74.4953136527664,39.3422370669334],[-74.4953136503346,39.3422735020956],[-74.4953019085587,39.3423129842331],[-74.4952627976732,39.3423494178105],[-74.4951454677101,39.3424162433541],[-74.4946565561654,39.3426955945087],[-74.4941598604586,39.3429810390033],[-74.4940777143317,39.343026586233],[-74.4940347145914,39.3430387197822],[-74.4939955704349,39.3430448135675],[-74.4939447574032,39.3430417625871],[-74.4938860956894,39.3430174601085],[-74.4938469555265,39.3429779754409],[-74.4938078502112,39.3429384907618],[-74.493764854253,39.3429081211815],[-74.4937022700087,39.3428747301034],[-74.4936475334723,39.3428473802677],[-74.4935693199642,39.342817008688],[-74.4935067338934,39.3427927058004],[-74.4934558873645,39.3427653831155],[-74.4933972283525,39.3427289446447],[-74.4933385705555,39.3426803433751],[-74.4932654161867,39.3426061779831]]}},{"type":"Feature","id":26110,"properties":{"OBJECTID":26110,"PRIMENAME":"North Delavan Avenue","ELEVTYP_F":0,"ELEVTYP_T":0},"geometry":{"type":"LineString","coordinates":[[-74.5012075254586,39.3365021636218],[-74.5010361819197,39.3363199343323],[-74.5003548094351,39.33560331429],[-74.5002483503268,39.3355188299707]]}},{"type":"Feature","id":26294,"properties":{"OBJECTID":26294,"PRIMENAME":"North Pembroke Avenue","ELEVTYP_F":0,"ELEVTYP_T":0},"geometry":{"type":"LineString","coordinates":[[-74.5113196351223,39.3301742405557],[-74.5115604389884,39.3304275889313],[-74.5125560565684,39.3314642022431],[-74.5127601858295,39.3316824040659]]}},{"type":"Feature","id":26651,"properties":{"OBJECTID":26651,"PRIMENAME":"South Madison Avenue","ELEVTYP_F":0,"ELEVTYP_T":0},"geometry":{"type":"LineString","coordinates":[[-74.5148761642013,39.319232100217],[-74.514511675394,39.3188429990915]]}},{"type":"Feature","id":26818,"properties":{"OBJECTID":26818,"PRIMENAME":"North Union Avenue","ELEVTYP_F":0,"ELEVTYP_T":0},"geometry":{"type":"LineString","coordinates":[[-74.5167625166638,39.3309791406738],[-74.5166467391512,39.3308570690376],[-74.5159889265581,39.3301634874172]]}},{"type":"Feature","id":27407,"properties":{"OBJECTID":27407,"PRIMENAME":"South Iroquois Avenue","ELEVTYP_F":0,"ELEVTYP_T":0},"geometry":{"type":"LineString","coordinates":[[-74.5003353889354,39.326242141072],[-74.5005610433158,39.3265213486905]]}},{"type":"Feature","id":27420,"properties":{"OBJECTID":27420,"PRIMENAME":"North Brunswick Drive","ELEVTYP_F":0,"ELEVTYP_T":0},"geometry":{"type":"LineString","coordinates":[[-74.499411907449,39.3382476481218],[-74.4995052028881,39.3382114124459],[-74.4997427078473,39.3380774289676]]}},{"type":"Feature","id":28635,"properties":{"OBJECTID":28635,"PRIMENAME":"North Wyoming Avenue","ELEVTYP_F":0,"ELEVTYP_T":0},"geometry":{"type":"LineString","coordinates":[[-74.4911028587984,39.3379836687711],[-74.4912157499064,39.3381246203668],[-74.4912776551454,39.3381828337626],[-74.4913296974675,39.3382156758907]]}},{"type":"Feature","id":29235,"properties":{"OBJECTID":29235,"PRIMENAME":"Unnamed Segment","ELEVTYP_F":0,"ELEVTYP_T":0},"geometry":{"type":"LineString","coordinates":[[-74.5123284825786,39.323324774093],[-74.5123265801683,39.3233228006079],[-74.5112060942266,39.3221609789938],[-74.5111313599047,39.3220834871979]]}},{"type":"Feature","id":29944,"properties":{"OBJECTID":29944,"PRIMENAME":"Margate Bridge","ELEVTYP_F":0,"ELEVTYP_T":0},"geometry":{"type":"LineString","coordinates":[[-74.5139748866634,39.3376728897067],[-74.5140824335299,39.3376685627481],[-74.514476317731,39.3376571749826],[-74.514623937651,39.3376519444213],[-74.5149576751016,39.3376401184684],[-74.515107178946,39.3376353761937]]}},{"type":"Feature","id":30872,"properties":{"OBJECTID":30872,"PRIMENAME":"Amherst Avenue","ELEVTYP_F":0,"ELEVTYP_T":0},"geometry":{"type":"LineString","coordinates":[[-74.5119055740853,39.3288049900574],[-74.5120399031713,39.3287262846808],[-74.5125045748154,39.3284591621707]]}},{"type":"Feature","id":31290,"properties":{"OBJECTID":31290,"PRIMENAME":"North Decatur Avenue","ELEVTYP_F":0,"ELEVTYP_T":0},"geometry":{"type":"LineString","coordinates":[[-74.5164052441969,39.3262224239219],[-74.5154564582857,39.3252283944948]]}},{"type":"Feature","id":31589,"properties":{"OBJECTID":31589,"PRIMENAME":"Wellington Avenue","ELEVTYP_F":0,"ELEVTYP_T":0},"geometry":{"type":"LineString","coordinates":[[-74.5104678915283,39.3342430162268],[-74.5098912442245,39.3345781225204]]}},{"type":"Feature","id":31644,"properties":{"OBJECTID":31644,"PRIMENAME":"Hampshire Drive","ELEVTYP_F":0,"ELEVTYP_T":0},"geometry":{"type":"LineString","coordinates":[[-74.4920838375865,39.3402139002779],[-74.4922750374517,39.3404148150886],[-74.4923766843254,39.3405241273086],[-74.4924392622415,39.3405909608845],[-74.4924705518272,39.3406243506352],[-74.4924979185067,39.3406425839506],[-74.4925292110505,39.3406486538372],[-74.492572243747,39.3406425887158],[-74.4926230923376,39.3406213399746],[-74.4928695262526,39.3404816554853],[-74.4932214763011,39.3402812411615],[-74.4932957695488,39.3402356670382],[-74.4933270651508,39.3402083769107],[-74.493334881716,39.3401840779332],[-74.4933348845988,39.3401537106331],[-74.493319258981,39.3401233703623],[-74.4932762316134,39.3400777894598],[-74.4931588873994,39.3399532659703],[-74.4929324708769,39.3397218192126]]}},{"type":"Feature","id":37564,"properties":{"OBJECTID":37564,"PRIMENAME":"North Huntington Avenue","ELEVTYP_F":0,"ELEVTYP_T":0},"geometry":{"type":"LineString","coordinates":[[-74.5027577467173,39.3306596469867],[-74.5027917522326,39.3306951202416],[-74.503483184285,39.3314164213677],[-74.5039128041138,39.3318674417392]]}},{"type":"Feature","id":37874,"properties":{"OBJECTID":37874,"PRIMENAME":"North Adams Avenue","ELEVTYP_F":0,"ELEVTYP_T":0},"geometry":{"type":"LineString","coordinates":[[-74.5170701379206,39.3242993844172],[-74.5170031546839,39.3242295900471],[-74.516791042173,39.3240085742816],[-74.5159086135399,39.3230852949184]]}},{"type":"Feature","id":40723,"properties":{"OBJECTID":40723,"PRIMENAME":"Fremont Avenue","ELEVTYP_F":0,"ELEVTYP_T":0},"geometry":{"type":"LineString","coordinates":[[-74.5113196351223,39.3301742405557],[-74.511930528269,39.3298174047929]]}},{"type":"Feature","id":41169,"properties":{"OBJECTID":41169,"PRIMENAME":"Pacific Avenue","ELEVTYP_F":0,"ELEVTYP_T":0},"geometry":{"type":"LineString","coordinates":[[-74.515299029287,39.3196767926804],[-74.5147693573642,39.3199847906173],[-74.5144512194398,39.3201688185995]]}},{"type":"Feature","id":41633,"properties":{"OBJECTID":41633,"PRIMENAME":"Bayshore Drive","ELEVTYP_F":0,"ELEVTYP_T":0},"geometry":{"type":"LineString","coordinates":[[-74.5054780704021,39.3408968914627],[-74.5055561775988,39.3408651755488],[-74.5056986375896,39.3408273876729],[-74.5058479931906,39.3407923179287],[-74.5059799882176,39.3407734211768],[-74.5061125503539,39.3407666870186]]}},{"type":"Feature","id":42416,"properties":{"OBJECTID":42416,"PRIMENAME":"Hanover Avenue","ELEVTYP_F":0,"ELEVTYP_T":0},"geometry":{"type":"LineString","coordinates":[[-74.5020304000811,39.3290468510604],[-74.501812465992,39.3288178576958],[-74.5017552630459,39.3287835375386],[-74.5017181416362,39.3287654443318],[-74.501696611701,39.3287591839868]]}},{"type":"Feature","id":45992,"properties":{"OBJECTID":45992,"PRIMENAME":"Lagoon Drive","ELEVTYP_F":0,"ELEVTYP_T":0},"geometry":{"type":"LineString","coordinates":[[-74.5120768404137,39.3379323462744],[-74.5123992234973,39.3377467871995]]}},{"type":"Feature","id":49128,"properties":{"OBJECTID":49128,"PRIMENAME":"South Osborne Avenue","ELEVTYP_F":0,"ELEVTYP_T":0},"geometry":{"type":"LineString","coordinates":[[-74.5064637983659,39.3260491046841],[-74.5063758938677,39.3259572849569],[-74.5062800915314,39.3258572186268],[-74.5054841140552,39.3250260830895]]}},{"type":"Feature","id":51236,"properties":{"OBJECTID":51236,"PRIMENAME":"Ventnor Gardens Plaza","ELEVTYP_F":0,"ELEVTYP_T":0},"geometry":{"type":"LineString","coordinates":[[-74.4903948020698,39.3386716877762],[-74.4906653810839,39.3385408234509]]}},{"type":"Feature","id":51404,"properties":{"OBJECTID":51404,"PRIMENAME":"North Belmont Drive","ELEVTYP_F":0,"ELEVTYP_T":0},"geometry":{"type":"LineString","coordinates":[[-74.4964642959408,39.3361574227426],[-74.4975326766987,39.336279660923]]}},{"type":"Feature","id":51787,"properties":{"OBJECTID":51787,"PRIMENAME":"Atlantic Avenue","ELEVTYP_F":0,"ELEVTYP_T":0},"geometry":{"type":"LineString","coordinates":[[-74.504241935562,39.3256436131353],[-74.503711142097,39.3258996942587]]}},{"type":"Feature","id":51789,"properties":{"OBJECTID":51789,"PRIMENAME":"Atlantic Avenue","ELEVTYP_F":0,"ELEVTYP_T":0},"geometry":{"type":"LineString","coordinates":[[-74.5084257404433,39.3232142461145],[-74.5079737800536,39.3234951341885],[-74.5078394220719,39.3235778714993]]}},{"type":"Feature","id":51862,"properties":{"OBJECTID":51862,"PRIMENAME":"South Adams Avenue","ELEVTYP_F":0,"ELEVTYP_T":0},"geometry":{"type":"LineString","coordinates":[[-74.5147855630693,39.3219046855215],[-74.5147515789636,39.321869284176],[-74.5138000529913,39.3208780279689],[-74.5135961159448,39.3206624326986]]}},{"type":"Feature","id":51967,"properties":{"OBJECTID":51967,"PRIMENAME":"South Gladstone Avenue","ELEVTYP_F":0,"ELEVTYP_T":0},"geometry":{"type":"LineString","coordinates":[[-74.4994743030882,39.3294674164865],[-74.4986030591566,39.328379377574]]}},{"type":"Feature","id":52321,"properties":{"OBJECTID":52321,"PRIMENAME":"North Harding Avenue","ELEVTYP_F":0,"ELEVTYP_T":0},"geometry":{"type":"LineString","coordinates":[[-74.5132446065145,39.3246194810518],[-74.5143190574706,39.325753625993],[-74.5143974837153,39.3258353004229]]}},{"type":"Feature","id":52550,"properties":{"OBJECTID":52550,"PRIMENAME":"North Nassau Avenue","ELEVTYP_F":0,"ELEVTYP_T":0},"geometry":{"type":"LineString","coordinates":[[-74.5104383376957,39.3311858337739],[-74.511423096579,39.3322195750095],[-74.5116158151037,39.3324226264372],[-74.5116249782015,39.3324618073279]]}},{"type":"Feature","id":52597,"properties":{"OBJECTID":52597,"PRIMENAME":"North Fredericksburg Avenue","ELEVTYP_F":0,"ELEVTYP_T":0},"geometry":{"type":"LineString","coordinates":[[-74.4966598587154,39.3375827403806],[-74.496591374029,39.3375101977106],[-74.4960213347079,39.3369112640282],[-74.4957085111604,39.3365873447693]]}},{"type":"Feature","id":52957,"properties":{"OBJECTID":52957,"PRIMENAME":"Winchester Avenue","ELEVTYP_F":0,"ELEVTYP_T":0},"geometry":{"type":"LineString","coordinates":[[-74.4921959573589,39.3351645950119],[-74.4920635395085,39.3352286429146],[-74.4916719420531,39.3354186719097]]}},{"type":"Feature","id":53080,"properties":{"OBJECTID":53080,"PRIMENAME":"North Vendome Avenue","ELEVTYP_F":0,"ELEVTYP_T":0},"geometry":{"type":"LineString","coordinates":[[-74.5133554607094,39.3264369231421],[-74.5133902317277,39.3264733147723],[-74.513587276298,39.3266795326075],[-74.5143007326179,39.3274303105229]]}},{"type":"Feature","id":53951,"properties":{"OBJECTID":53951,"PRIMENAME":"South Brunswick Avenue","ELEVTYP_F":0,"ELEVTYP_T":0},"geometry":{"type":"LineString","coordinates":[[-74.4932692610049,39.3301633113329],[-74.4935378869352,39.3304854784726],[-74.4936753296135,39.3306539427951],[-74.49374405062,39.3307381753441]]}},{"type":"Feature","id":54304,"properties":{"OBJECTID":54304,"PRIMENAME":"North Ventnor Avenue","ELEVTYP_F":0,"ELEVTYP_T":0},"geometry":{"type":"LineString","coordinates":[[-74.5067571780843,39.3263555065349],[-74.5069230431682,39.3262759818492],[-74.5072882464091,39.3260948263769],[-74.5073850708382,39.3260484454159]]}},{"type":"Feature","id":54324,"properties":{"OBJECTID":54324,"PRIMENAME":"Atlantic Avenue","ELEVTYP_F":0,"ELEVTYP_T":0},"geometry":{"type":"LineString","coordinates":[[-74.4984651806201,39.3284460685524],[-74.498224492218,39.3285624548872],[-74.4979389751786,39.3287014368718]]}},{"type":"Feature","id":54604,"properties":{"OBJECTID":54604,"PRIMENAME":"North Jerome Avenue","ELEVTYP_F":0,"ELEVTYP_T":0},"geometry":{"type":"LineString","coordinates":[[-74.5070399929569,39.3316110669818],[-74.5074883741695,39.3320591075244],[-74.5077253861711,39.3323054619682],[-74.5079968397547,39.332591818706]]}},{"type":"Feature","id":54972,"properties":{"OBJECTID":54972,"PRIMENAME":"Balfour Avenue","ELEVTYP_F":0,"ELEVTYP_T":0},"geometry":{"type":"LineString","coordinates":[[-74.4930784758985,39.339636602077],[-74.4936950949397,39.3392934535026]]}},{"type":"Feature","id":55325,"properties":{"OBJECTID":55325,"PRIMENAME":"North Belmont Drive","ELEVTYP_F":0,"ELEVTYP_T":0},"geometry":{"type":"LineString","coordinates":[[-74.4985086886237,39.3373180125897],[-74.498404588775,39.3378915193404]]}},{"type":"Feature","id":55441,"properties":{"OBJECTID":55441,"PRIMENAME":"Winchester Avenue","ELEVTYP_F":0,"ELEVTYP_T":0},"geometry":{"type":"LineString","coordinates":[[-74.5127402318403,39.3249098115387],[-74.512528109569,39.3250319085316],[-74.5121934009686,39.3252264210588]]}},{"type":"Feature","id":55682,"properties":{"OBJECTID":55682,"PRIMENAME":"Atlantic Avenue","ELEVTYP_F":0,"ELEVTYP_T":0},"geometry":{"type":"LineString","coordinates":[[-74.4995137245875,39.3279383721839],[-74.4993349435315,39.3280254368454],[-74.4989913451055,39.328191576137]]}},{"type":"Feature","id":55970,"properties":{"OBJECTID":55970,"PRIMENAME":"Monmouth Avenue","ELEVTYP_F":0,"ELEVTYP_T":0},"geometry":{"type":"LineString","coordinates":[[-74.5049564397653,39.3312668102551],[-74.5054834472924,39.3309658588153]]}},{"type":"Feature","id":56652,"properties":{"OBJECTID":56652,"PRIMENAME":"North Jerome Avenue","ELEVTYP_F":0,"ELEVTYP_T":0},"geometry":{"type":"LineString","coordinates":[[-74.5038894903194,39.3282851587083],[-74.5039850837212,39.3283841225723],[-74.5046297935295,39.3290606906227],[-74.5049417059098,39.3293988921995]]}},{"type":"Feature","id":57443,"properties":{"OBJECTID":57443,"PRIMENAME":"Atlantic Avenue","ELEVTYP_F":0,"ELEVTYP_T":0},"geometry":{"type":"LineString","coordinates":[[-74.5123697632186,39.3207773667608],[-74.511829115174,39.321106604474],[-74.5116340766963,39.3212280928315]]}},{"type":"Feature","id":58083,"properties":{"OBJECTID":58083,"PRIMENAME":"Amherst Avenue","ELEVTYP_F":0,"ELEVTYP_T":0},"geometry":{"type":"LineString","coordinates":[[-74.5136939370026,39.3277780151182],[-74.5138510270354,39.3276885699483],[-74.5143007326179,39.3274303105229]]}},{"type":"Feature","id":58312,"properties":{"OBJECTID":58312,"PRIMENAME":"North Huntington Avenue","ELEVTYP_F":0,"ELEVTYP_T":0},"geometry":{"type":"LineString","coordinates":[[-74.5011605531916,39.3290183017759],[-74.5012725187028,39.3290963597854],[-74.5022123883654,39.3300906971087],[-74.5027577467173,39.3306596469867]]}},{"type":"Feature","id":60204,"properties":{"OBJECTID":60204,"PRIMENAME":"South Quincy Avenue","ELEVTYP_F":0,"ELEVTYP_T":0},"geometry":{"type":"LineString","coordinates":[[-74.5066650331349,39.3243044819707],[-74.5067850972985,39.3244297054677],[-74.5071973707677,39.3248525170529],[-74.5076928063299,39.3253690595983],[-74.507746547461,39.3254258091858]]}},{"type":"Feature","id":60404,"properties":{"OBJECTID":60404,"PRIMENAME":"West Drive","ELEVTYP_F":0,"ELEVTYP_T":0},"geometry":{"type":"LineString","coordinates":[[-74.4954500321467,39.3341345592929],[-74.4954778199994,39.3341599579177],[-74.4955300051609,39.3341742648543],[-74.4956098023769,39.3341885728117],[-74.4957693979242,39.334219549595],[-74.496028201975,39.3342658236],[-74.4961032974121,39.3342909768555],[-74.4961625881872,39.3343167610132],[-74.4961926046976,39.3343419397414],[-74.4962084069325,39.3343658829844],[-74.4962276383082,39.3344070408859]]}},{"type":"Feature","id":60799,"properties":{"OBJECTID":60799,"PRIMENAME":"South Colmar Circle","ELEVTYP_F":0,"ELEVTYP_T":0},"geometry":{"type":"LineString","coordinates":[[-74.5046601579244,39.3337882963381],[-74.5048309703524,39.3328813887089]]}},{"type":"Feature","id":60846,"properties":{"OBJECTID":60846,"PRIMENAME":"Bayside Court","ELEVTYP_F":0,"ELEVTYP_T":0},"geometry":{"type":"LineString","coordinates":[[-74.5109705193668,39.3369963973902],[-74.5106837595828,39.3371544654543]]}},{"type":"Feature","id":61790,"properties":{"OBJECTID":61790,"PRIMENAME":"Balfour Avenue","ELEVTYP_F":0,"ELEVTYP_T":0},"geometry":{"type":"LineString","coordinates":[[-74.4936950949397,39.3392934535026],[-74.4944499751067,39.3388570057058]]}},{"type":"Feature","id":61860,"properties":{"OBJECTID":61860,"PRIMENAME":"Fremont Avenue","ELEVTYP_F":0,"ELEVTYP_T":0},"geometry":{"type":"LineString","coordinates":[[-74.5007103701053,39.336788569622],[-74.5012075254586,39.3365021636218]]}},{"type":"Feature","id":62408,"properties":{"OBJECTID":62408,"PRIMENAME":"Fremont Avenue","ELEVTYP_F":0,"ELEVTYP_T":0},"geometry":{"type":"LineString","coordinates":[[-74.515800545253,39.328104457465],[-74.515777746895,39.3281204959597],[-74.5152471630017,39.3284222350887]]}},{"type":"Feature","id":62550,"properties":{"OBJECTID":62550,"PRIMENAME":"Monmouth Avenue","ELEVTYP_F":0,"ELEVTYP_T":0},"geometry":{"type":"LineString","coordinates":[[-74.5033867726386,39.3321709389001],[-74.5036487108067,39.3320196707865],[-74.5039128041138,39.3318674417392]]}},{"type":"Feature","id":62786,"properties":{"OBJECTID":62786,"PRIMENAME":"Jerome Avenue","ELEVTYP_F":0,"ELEVTYP_T":0},"geometry":{"type":"LineString","coordinates":[[-74.512980651915,39.3376652758739],[-74.5129993163014,39.3376686887734],[-74.5130832234189,39.3376856479885],[-74.5132363956804,39.3376941145263],[-74.5136594160881,39.3376855817854],[-74.5139748866634,39.3376728897067]]}},{"type":"Feature","id":62844,"properties":{"OBJECTID":62844,"PRIMENAME":"North Huntington Avenue","ELEVTYP_F":0,"ELEVTYP_T":0},"geometry":{"type":"LineString","coordinates":[[-74.5039128041138,39.3318674417392],[-74.5046820754714,39.3326751111045],[-74.5047544773281,39.3327454824571]]}},{"type":"Feature","id":62990,"properties":{"OBJECTID":62990,"PRIMENAME":"South Cedar Grove Avenue","ELEVTYP_F":0,"ELEVTYP_T":0},"geometry":{"type":"LineString","coordinates":[[-74.510397663065,39.3219955210515],[-74.5111868403334,39.3228205282595],[-74.511892173582,39.3235787080054]]}},{"type":"Feature","id":63313,"properties":{"OBJECTID":63313,"PRIMENAME":"Ventnor Avenue","ELEVTYP_F":0,"ELEVTYP_T":0},"geometry":{"type":"LineString","coordinates":[[-74.4996859911473,39.3297317738552],[-74.4995501964936,39.3297974779153]]}},{"type":"Feature","id":63362,"properties":{"OBJECTID":63362,"PRIMENAME":"North Brunswick Drive","ELEVTYP_F":0,"ELEVTYP_T":0},"geometry":{"type":"LineString","coordinates":[[-74.4991669824643,39.3369396370366],[-74.500016975527,39.3370363972549],[-74.5002284139172,39.3370662157489]]}},{"type":"Feature","id":63838,"properties":{"OBJECTID":63838,"PRIMENAME":"North 32nd Avenue","ELEVTYP_F":0,"ELEVTYP_T":0},"geometry":{"type":"LineString","coordinates":[[-74.5216302308991,39.3179091266931],[-74.5219582252047,39.3182521942856],[-74.5227874560526,39.3191248635685]]}},{"type":"Feature","id":64403,"properties":{"OBJECTID":64403,"PRIMENAME":"Monmouth Avenue","ELEVTYP_F":0,"ELEVTYP_T":0},"geometry":{"type":"LineString","coordinates":[[-74.4908101527423,39.337617735727],[-74.4914517590629,39.337303019743]]}},{"type":"Feature","id":64591,"properties":{"OBJECTID":64591,"PRIMENAME":"Balfour Avenue","ELEVTYP_F":0,"ELEVTYP_T":0},"geometry":{"type":"LineString","coordinates":[[-74.4959092954565,39.3379855087428],[-74.4959358139082,39.3379855096712],[-74.4959643479804,39.3379744459756],[-74.4960715919775,39.3379170642414],[-74.4962876563564,39.3377942724783],[-74.4966598587154,39.3375827403806]]}},{"type":"Feature","id":64947,"properties":{"OBJECTID":64947,"PRIMENAME":"North Baltimore Avenue","ELEVTYP_F":0,"ELEVTYP_T":0},"geometry":{"type":"LineString","coordinates":[[-74.4916719420531,39.3354186719097],[-74.4917568923497,39.3355240019736],[-74.4926917803876,39.3366904592559]]}},{"type":"Feature","id":65670,"properties":{"OBJECTID":65670,"PRIMENAME":"North Wyoming Avenue","ELEVTYP_F":0,"ELEVTYP_T":0},"geometry":{"type":"LineString","coordinates":[[-74.4897840088488,39.3363344542821],[-74.4898770169003,39.3364497818333],[-74.4908101527423,39.337617735727]]}},{"type":"Feature","id":67284,"properties":{"OBJECTID":67284,"PRIMENAME":"Bay Crest","ELEVTYP_F":0,"ELEVTYP_T":0},"geometry":{"type":"LineString","coordinates":[[-74.5088172475372,39.3398087369187],[-74.5083931351876,39.3393737423168]]}},{"type":"Feature","id":67314,"properties":{"OBJECTID":67314,"PRIMENAME":"North Nassau Avenue","ELEVTYP_F":0,"ELEVTYP_T":0},"geometry":{"type":"LineString","coordinates":[[-74.5085503743529,39.3292054681888],[-74.5092392281799,39.3299254725558],[-74.5094961103998,39.3301955727767]]}},{"type":"Feature","id":67493,"properties":{"OBJECTID":67493,"PRIMENAME":"Calvert Avenue","ELEVTYP_F":0,"ELEVTYP_T":0},"geometry":{"type":"LineString","coordinates":[[-74.492743908478,39.3382912238164],[-74.4930108423083,39.3381399801127],[-74.4937308763939,39.3377276198378],[-74.4944570891262,39.3373065508151]]}},{"type":"Feature","id":68467,"properties":{"OBJECTID":68467,"PRIMENAME":"North Washington Avenue","ELEVTYP_F":0,"ELEVTYP_T":0},"geometry":{"type":"LineString","coordinates":[[-74.5167790748504,39.3254093175108],[-74.5171466123756,39.3257905852643]]}},{"type":"Feature","id":68747,"properties":{"OBJECTID":68747,"PRIMENAME":"North Douglass Avenue","ELEVTYP_F":0,"ELEVTYP_T":0},"geometry":{"type":"LineString","coordinates":[[-74.4969269887397,39.3310741281721],[-74.4975132111543,39.3318058951188],[-74.4979055658252,39.3322847782897],[-74.4979893899949,39.3323754971425]]}},{"type":"Feature","id":68970,"properties":{"OBJECTID":68970,"PRIMENAME":"Monmouth Avenue","ELEVTYP_F":0,"ELEVTYP_T":0},"geometry":{"type":"LineString","coordinates":[[-74.5054834472924,39.3309658588153],[-74.506102685742,39.3306122115459]]}},{"type":"Feature","id":69035,"properties":{"OBJECTID":69035,"PRIMENAME":"Amherst Avenue","ELEVTYP_F":0,"ELEVTYP_T":0},"geometry":{"type":"LineString","coordinates":[[-74.4966598587154,39.3375827403806],[-74.496683549502,39.3375691504887],[-74.4970261811041,39.3373681243521],[-74.4974057478596,39.3371454271633]]}},{"type":"Feature","id":69042,"properties":{"OBJECTID":69042,"PRIMENAME":"South Vendome Avenue","ELEVTYP_F":0,"ELEVTYP_T":0},"geometry":{"type":"LineString","coordinates":[[-74.5095865909127,39.3224972557858],[-74.5097519832803,39.3226684636553],[-74.5108346194801,39.3238012676148],[-74.5109132520303,39.3238848388153]]}},{"type":"Feature","id":69384,"properties":{"OBJECTID":69384,"PRIMENAME":"Bayshore Drive","ELEVTYP_F":0,"ELEVTYP_T":0},"geometry":{"type":"LineString","coordinates":[[-74.5061125503539,39.3407666870186],[-74.5061918962073,39.3407626192568],[-74.5063621175937,39.3407761195616],[-74.5065323395439,39.3407949722465],[-74.506671303895,39.3408219545118],[-74.5068067690132,39.3408435283363],[-74.506952346431,39.3408743536465]]}},{"type":"Feature","id":69594,"properties":{"OBJECTID":69594,"PRIMENAME":"Monmouth Avenue","ELEVTYP_F":0,"ELEVTYP_T":0},"geometry":{"type":"LineString","coordinates":[[-74.4930798002037,39.3362517778414],[-74.4930956769786,39.3362308564916],[-74.4931555424137,39.3361741340034],[-74.4932130722933,39.336133199004],[-74.4932936915461,39.3360851272622]]}},{"type":"Feature","id":69844,"properties":{"OBJECTID":69844,"PRIMENAME":"Winchester Avenue","ELEVTYP_F":0,"ELEVTYP_T":0},"geometry":{"type":"LineString","coordinates":[[-74.5198497306096,39.3208153476082],[-74.5196143059087,39.3209505035804],[-74.5195674315539,39.3209778305098]]}},{"type":"Feature","id":70156,"properties":{"OBJECTID":70156,"PRIMENAME":"Fredericksburg Avenue","ELEVTYP_F":0,"ELEVTYP_T":0},"geometry":{"type":"LineString","coordinates":[[-74.5013819912862,39.3425549100317],[-74.501383723372,39.3425568044196],[-74.5019792092253,39.3431710327444]]}},{"type":"Feature","id":70182,"properties":{"OBJECTID":70182,"PRIMENAME":"South Swarthmore Avenue","ELEVTYP_F":0,"ELEVTYP_T":0},"geometry":{"type":"LineString","coordinates":[[-74.4911580504102,39.3338711658723],[-74.4910697107706,39.3337606175681],[-74.4908319453238,39.3334671400708],[-74.4900713651921,39.3325210519333]]}},{"type":"Feature","id":70793,"properties":{"OBJECTID":70793,"PRIMENAME":"Atlantic Avenue","ELEVTYP_F":0,"ELEVTYP_T":0},"geometry":{"type":"LineString","coordinates":[[-74.4926940436839,39.3312485650842],[-74.492171686728,39.3315032480538],[-74.4921669133552,39.3315055817422]]}},{"type":"Feature","id":70935,"properties":{"OBJECTID":70935,"PRIMENAME":"Atlantic Avenue","ELEVTYP_F":0,"ELEVTYP_T":0},"geometry":{"type":"LineString","coordinates":[[-74.5148761642013,39.319232100217],[-74.5146391109337,39.3193751258107],[-74.5140429932824,39.3197390307338]]}},{"type":"Feature","id":71264,"properties":{"OBJECTID":71264,"PRIMENAME":"Burk Avenue","ELEVTYP_F":0,"ELEVTYP_T":0},"geometry":{"type":"LineString","coordinates":[[-74.5013819912862,39.3425549100317],[-74.5016821964652,39.3423812969951],[-74.5029409897758,39.3416574556006],[-74.5030561891965,39.341589853853]]}},{"type":"Feature","id":71629,"properties":{"OBJECTID":71629,"PRIMENAME":"Monmouth Avenue","ELEVTYP_F":0,"ELEVTYP_T":0},"geometry":{"type":"LineString","coordinates":[[-74.5196238097326,39.3228291313531],[-74.520267540019,39.3224630476255],[-74.5204783681053,39.322338576568]]}},{"type":"Feature","id":72041,"properties":{"OBJECTID":72041,"PRIMENAME":"East Gilmar Circle","ELEVTYP_F":0,"ELEVTYP_T":0},"geometry":{"type":"LineString","coordinates":[[-74.5067934952114,39.3370564626573],[-74.5064635391383,39.3366721404458],[-74.5062102871232,39.3364129614077],[-74.5059925082397,39.3362283394113],[-74.5058764550975,39.3361299539848]]}},{"type":"Feature","id":72174,"properties":{"OBJECTID":72174,"PRIMENAME":"Bayshore Drive","ELEVTYP_F":0,"ELEVTYP_T":0},"geometry":{"type":"LineString","coordinates":[[-74.5049934217308,39.3412255990959],[-74.5050177829458,39.34119970599],[-74.5051463058552,39.3410728776649],[-74.5052817621116,39.3409919560962],[-74.5054033585985,39.3409272073035],[-74.5054780704021,39.3408968914627]]}},{"type":"Feature","id":72450,"properties":{"OBJECTID":72450,"PRIMENAME":"South Decatur Avenue","ELEVTYP_F":0,"ELEVTYP_T":0},"geometry":{"type":"LineString","coordinates":[[-74.5131724024581,39.3228345704733],[-74.5131397747106,39.3228002639011],[-74.5130092640397,39.3226630384193],[-74.5117893599015,39.3213903204236],[-74.5116340766963,39.3212280928315]]}},{"type":"Feature","id":72535,"properties":{"OBJECTID":72535,"PRIMENAME":"Salem Road","ELEVTYP_F":0,"ELEVTYP_T":0},"geometry":{"type":"LineString","coordinates":[[-74.5011917964658,39.3263883431076],[-74.5012046636806,39.326381780538],[-74.5012622519038,39.326358056965],[-74.5013679897739,39.32632873244],[-74.501476237788,39.3263150576451],[-74.5015618608961,39.3263111298736],[-74.5016373725637,39.3263111288343],[-74.5017305256567,39.326318924939],[-74.5018628145642,39.3263386372295]]}},{"type":"Feature","id":72579,"properties":{"OBJECTID":72579,"PRIMENAME":"North Pembroke Avenue","ELEVTYP_F":0,"ELEVTYP_T":0},"geometry":{"type":"LineString","coordinates":[[-74.5073850708382,39.3260484454159],[-74.5085044504773,39.3272216245526],[-74.5085828090213,39.3273037469862]]}},{"type":"Feature","id":73483,"properties":{"OBJECTID":73483,"PRIMENAME":"Atlantic Avenue","ELEVTYP_F":0,"ELEVTYP_T":0},"geometry":{"type":"LineString","coordinates":[[-74.5140429932824,39.3197390307338],[-74.5140128449879,39.3197574578555],[-74.513211686399,39.3202561423593]]}},{"type":"Feature","id":73746,"properties":{"OBJECTID":73746,"PRIMENAME":"Winchester Avenue","ELEVTYP_F":0,"ELEVTYP_T":0},"geometry":{"type":"LineString","coordinates":[[-74.5217677977216,39.3197132960788],[-74.5214359318107,39.3199048693375],[-74.5212895414488,39.319988887381]]}},{"type":"Feature","id":73782,"properties":{"OBJECTID":73782,"PRIMENAME":"Fremont Avenue","ELEVTYP_F":0,"ELEVTYP_T":0},"geometry":{"type":"LineString","coordinates":[[-74.498359106046,39.3381421006017],[-74.4994161765121,39.3375340518863],[-74.5002284139172,39.3370662157489]]}},{"type":"Feature","id":73854,"properties":{"OBJECTID":73854,"PRIMENAME":"Monmouth Avenue","ELEVTYP_F":0,"ELEVTYP_T":0},"geometry":{"type":"LineString","coordinates":[[-74.4968763931868,39.3359203170027],[-74.4973918377598,39.3356212154657]]}},{"type":"Feature","id":74108,"properties":{"OBJECTID":74108,"PRIMENAME":"Ventnor Avenue","ELEVTYP_F":0,"ELEVTYP_T":0},"geometry":{"type":"LineString","coordinates":[[-74.5097992755868,39.3246528802568],[-74.5096586931366,39.3247212323546],[-74.5091633823141,39.3249606685466]]}},{"type":"Feature","id":74263,"properties":{"OBJECTID":74263,"PRIMENAME":"North Thurlow Avenue","ELEVTYP_F":0,"ELEVTYP_T":0},"geometry":{"type":"LineString","coordinates":[[-74.5097992755868,39.3246528802568],[-74.5099463946598,39.3248067909695]]}},{"type":"Feature","id":75271,"properties":{"OBJECTID":75271,"PRIMENAME":"South Coolidge Avenue","ELEVTYP_F":0,"ELEVTYP_T":0},"geometry":{"type":"LineString","coordinates":[[-74.516551023379,39.3182205800914],[-74.5163281355531,39.3179881334258],[-74.5161680059224,39.317823551427]]}},{"type":"Feature","id":75494,"properties":{"OBJECTID":75494,"PRIMENAME":"Atlantic Avenue","ELEVTYP_F":0,"ELEVTYP_T":0},"geometry":{"type":"LineString","coordinates":[[-74.516551023379,39.3182205800914],[-74.5160216885148,39.3185409663735],[-74.5157156494582,39.3187256015386]]}},{"type":"Feature","id":75757,"properties":{"OBJECTID":75757,"PRIMENAME":"South Ventnor Avenue","ELEVTYP_F":0,"ELEVTYP_T":0},"geometry":{"type":"LineString","coordinates":[[-74.507746547461,39.3254258091858],[-74.507552051868,39.325520384133],[-74.5070926441798,39.3257417703248]]}},{"type":"Feature","id":76499,"properties":{"OBJECTID":76499,"PRIMENAME":"North Yarmouth Avenue","ELEVTYP_F":0,"ELEVTYP_T":0},"geometry":{"type":"LineString","coordinates":[[-74.5234322546661,39.32062764515],[-74.5226503114762,39.3198078818222],[-74.5222795555666,39.319417982033]]}},{"type":"Feature","id":76511,"properties":{"OBJECTID":76511,"PRIMENAME":"North Ventnor Avenue","ELEVTYP_F":0,"ELEVTYP_T":0},"geometry":{"type":"LineString","coordinates":[[-74.5099463946598,39.3248067909695],[-74.5100683130719,39.3247456070272],[-74.5104825297491,39.324545354366],[-74.5105761688419,39.3245008384154]]}},{"type":"Feature","id":76557,"properties":{"OBJECTID":76557,"PRIMENAME":"South Adams Avenue","ELEVTYP_F":0,"ELEVTYP_T":0},"geometry":{"type":"LineString","coordinates":[[-74.513211686399,39.3202561423593],[-74.512730882538,39.3197479132587]]}},{"type":"Feature","id":76569,"properties":{"OBJECTID":76569,"PRIMENAME":"Burk Avenue","ELEVTYP_F":0,"ELEVTYP_T":0},"geometry":{"type":"LineString","coordinates":[[-74.5055666222592,39.3401540707634],[-74.5068908508691,39.3393798818328]]}},{"type":"Feature","id":77841,"properties":{"OBJECTID":77841,"PRIMENAME":"North Rumson Avenue","ELEVTYP_F":0,"ELEVTYP_T":0},"geometry":{"type":"LineString","coordinates":[[-74.5125351582119,39.3294641904537],[-74.5123859379581,39.3293088285453],[-74.5119055740853,39.3288049900574]]}},{"type":"Feature","id":77862,"properties":{"OBJECTID":77862,"PRIMENAME":"Pacific Avenue","ELEVTYP_F":0,"ELEVTYP_T":0},"geometry":{"type":"LineString","coordinates":[[-74.5186394047947,39.3177567088689],[-74.5180902161896,39.3180733738757]]}},{"type":"Feature","id":77952,"properties":{"OBJECTID":77952,"PRIMENAME":"Colgate Avenue South","ELEVTYP_F":0,"ELEVTYP_T":0},"geometry":{"type":"LineString","coordinates":[[-74.5189723292033,39.3175647316662],[-74.5199301481171,39.3185684790387],[-74.5201251878229,39.3187739882991]]}},{"type":"Feature","id":78263,"properties":{"OBJECTID":78263,"PRIMENAME":"Amherst Avenue","ELEVTYP_F":0,"ELEVTYP_T":0},"geometry":{"type":"LineString","coordinates":[[-74.5205676710096,39.3238152756862],[-74.5207623144151,39.3237035733571],[-74.5214205371193,39.3233256196861]]}},{"type":"Feature","id":78387,"properties":{"OBJECTID":78387,"PRIMENAME":"Gilmar Circle","ELEVTYP_F":0,"ELEVTYP_T":0},"geometry":{"type":"LineString","coordinates":[[-74.5066984296949,39.3379011499143],[-74.5067082627106,39.3376642589049]]}},{"type":"Feature","id":78620,"properties":{"OBJECTID":78620,"PRIMENAME":"Essex Court","ELEVTYP_F":0,"ELEVTYP_T":0},"geometry":{"type":"LineString","coordinates":[[-74.5042001025567,39.3378487143906],[-74.5045831632017,39.3382700804936],[-74.5046499235589,39.3383392143483],[-74.5047166831142,39.3383772115598],[-74.5047611993367,39.3383875889148],[-74.5048056800601,39.3383875870858],[-74.5048635606511,39.33837374639],[-74.5049525529776,39.3383184444228],[-74.5052480667847,39.3381306731908],[-74.5053441609787,39.3380696135046]]}},{"type":"Feature","id":79423,"properties":{"OBJECTID":79423,"PRIMENAME":"Monmouth Avenue","ELEVTYP_F":0,"ELEVTYP_T":0},"geometry":{"type":"LineString","coordinates":[[-74.5079482356085,39.3295498481079],[-74.5081748379423,39.3294207853336],[-74.5085503743529,39.3292054681888]]}},{"type":"Feature","id":81138,"properties":{"OBJECTID":81138,"PRIMENAME":"South Cedar Grove Avenue","ELEVTYP_F":0,"ELEVTYP_T":0},"geometry":{"type":"LineString","coordinates":[[-74.5096090332645,39.3211710578276],[-74.510397663065,39.3219955210515]]}},{"type":"Feature","id":81278,"properties":{"OBJECTID":81278,"PRIMENAME":"South Union Avenue","ELEVTYP_F":0,"ELEVTYP_T":0},"geometry":{"type":"LineString","coordinates":[[-74.5104270345548,39.3243477249918],[-74.5102793856991,39.3241961480327]]}},{"type":"Feature","id":81376,"properties":{"OBJECTID":81376,"PRIMENAME":"North Douglass Avenue","ELEVTYP_F":0,"ELEVTYP_T":0},"geometry":{"type":"LineString","coordinates":[[-74.4995041364963,39.3339651283414],[-74.4997227970534,39.3341956689204],[-74.5004798622997,39.3349938540131],[-74.5006606771941,39.3351836626543],[-74.5007196884588,39.3352035684815],[-74.5007755874057,39.3352150174617]]}},{"type":"Feature","id":81546,"properties":{"OBJECTID":81546,"PRIMENAME":"North Washington Avenue","ELEVTYP_F":0,"ELEVTYP_T":0},"geometry":{"type":"LineString","coordinates":[[-74.5162001566766,39.3248022447247],[-74.5166312333176,39.3252558821757],[-74.5167790748504,39.3254093175108]]}},{"type":"Feature","id":82194,"properties":{"OBJECTID":82194,"PRIMENAME":"South Ventnor Avenue","ELEVTYP_F":0,"ELEVTYP_T":0},"geometry":{"type":"LineString","coordinates":[[-74.5070926441798,39.3257417703248],[-74.5069782157047,39.3257969107266],[-74.5067296680309,39.325923254764],[-74.5064637983659,39.3260491046841]]}},{"type":"Feature","id":82789,"properties":{"OBJECTID":82789,"PRIMENAME":"North Adams Avenue","ELEVTYP_F":0,"ELEVTYP_T":0},"geometry":{"type":"LineString","coordinates":[[-74.5176545389309,39.3249083185865],[-74.5170701379206,39.3242993844172]]}},{"type":"Feature","id":82938,"properties":{"OBJECTID":82938,"PRIMENAME":"Atlantic Avenue","ELEVTYP_F":0,"ELEVTYP_T":0},"geometry":{"type":"LineString","coordinates":[[-74.5054841140552,39.3250260830895],[-74.5053790185787,39.3250811115864],[-74.5051919107171,39.325185374124],[-74.5050739466291,39.3252422423819],[-74.5048661926593,39.3253424687392]]}},{"type":"Feature","id":83274,"properties":{"OBJECTID":83274,"PRIMENAME":"Winchester Avenue","ELEVTYP_F":0,"ELEVTYP_T":0},"geometry":{"type":"LineString","coordinates":[[-74.5195674315539,39.3209778305098],[-74.5193160401852,39.3211243829766]]}},{"type":"Feature","id":83735,"properties":{"OBJECTID":83735,"PRIMENAME":"Margate Boulevard","ELEVTYP_F":0,"ELEVTYP_T":0},"geometry":{"type":"LineString","coordinates":[[-74.515107178946,39.3376353761937],[-74.5154061865741,39.337625891969],[-74.5156104483607,39.3376258647497],[-74.5159167926321,39.337639991245],[-74.5162012502005,39.3376569476357],[-74.5164893525627,39.3376880158548],[-74.5167373605,39.3377219996611],[-74.5169780520789,39.3377644678648],[-74.5172625554182,39.3378182135666],[-74.5175433487615,39.337883326493],[-74.5178132202655,39.3379597258003],[-74.5180904139667,39.338047489803],[-74.5183384387207,39.3381380034224],[-74.5185973958178,39.3382484218339],[-74.5188855298839,39.3383843414583],[-74.5191590999046,39.3385258919454],[-74.5193925016272,39.3386617913803],[-74.5196405476815,39.3388146573887],[-74.5197973925643,39.3389222617521],[-74.5200162724459,39.3390807872144],[-74.5202095887824,39.3392421722796],[-74.5204466945913,39.3394545371462],[-74.5206947758148,39.3397093746991],[-74.5210048597859,39.3400179619478],[-74.5214134552699,39.3404398714319],[-74.521577608059,39.3406041151251],[-74.521829013574,39.3408534159006]]}},{"type":"Feature","id":83914,"properties":{"OBJECTID":83914,"PRIMENAME":"North Brunswick Avenue","ELEVTYP_F":0,"ELEVTYP_T":0},"geometry":{"type":"LineString","coordinates":[[-74.4948295418038,39.3320961627051],[-74.4955693584847,39.3330151748],[-74.4958946067266,39.3334068867182],[-74.4959206610368,39.3334397259017],[-74.4959386565746,39.3334617739494],[-74.4959446405894,39.3334657881844],[-74.4959594446202,39.3334757228739],[-74.4959906976499,39.3334933510791],[-74.4960455335369,39.3335175974574],[-74.4960853074952,39.3335389057506],[-74.4961155361724,39.3335594993667],[-74.4961430063934,39.3335815206736],[-74.4961742229159,39.3336109278696],[-74.4964555342084,39.3339084314267],[-74.4966854079282,39.3341507174589]]}},{"type":"Feature","id":84526,"properties":{"OBJECTID":84526,"PRIMENAME":"Winchester Avenue","ELEVTYP_F":0,"ELEVTYP_T":0},"geometry":{"type":"LineString","coordinates":[[-74.5121934009686,39.3252264210588],[-74.5119228459621,39.3253836674496],[-74.5115942837598,39.3255730979165]]}},{"type":"Feature","id":84735,"properties":{"OBJECTID":84735,"PRIMENAME":"Seaside Court","ELEVTYP_F":0,"ELEVTYP_T":0},"geometry":{"type":"LineString","coordinates":[[-74.507753019632,39.3350575165761],[-74.5077523839339,39.3350572968199],[-74.5076526406692,39.3350424219818],[-74.5074493028903,39.3350215678299],[-74.5069198699721,39.3349709702909],[-74.5066687968946,39.3349019853313]]}},{"type":"Feature","id":85520,"properties":{"OBJECTID":85520,"PRIMENAME":"Fremont Avenue","ELEVTYP_F":0,"ELEVTYP_T":0},"geometry":{"type":"LineString","coordinates":[[-74.5002284139172,39.3370662157489],[-74.5007103701053,39.336788569622]]}},{"type":"Feature","id":85576,"properties":{"OBJECTID":85576,"PRIMENAME":"South Iroquois Avenue","ELEVTYP_F":0,"ELEVTYP_T":0},"geometry":{"type":"LineString","coordinates":[[-74.5005610433158,39.3265213486905],[-74.5008125436942,39.3268325165918]]}},{"type":"Feature","id":85593,"properties":{"OBJECTID":85593,"PRIMENAME":"Berkshire Drive","ELEVTYP_F":0,"ELEVTYP_T":0},"geometry":{"type":"LineString","coordinates":[[-74.4939780338042,39.3421955726529],[-74.4937962281526,39.3420061934038],[-74.4936749896966,39.3418847177171],[-74.4936280714738,39.3418361172234],[-74.4935889671936,39.3417936120386],[-74.4935772303602,39.3417693389976],[-74.4935772331434,39.3417389167562],[-74.493596789662,39.3417055310173],[-74.4936515301711,39.3416660504992],[-74.4938627456605,39.3415476410018],[-74.4941834377576,39.3413684741256],[-74.4942695081229,39.3413168591276],[-74.4943242472134,39.3412864945141],[-74.4943594662557,39.3412743604777],[-74.494394649273,39.3412773826013],[-74.4944298301683,39.3412925683872],[-74.4944728604299,39.341335100504],[-74.4947130400893,39.3415831567116],[-74.4948393358061,39.3417008967788]]}},{"type":"Feature","id":85723,"properties":{"OBJECTID":85723,"PRIMENAME":"North Pembroke Avenue","ELEVTYP_F":0,"ELEVTYP_T":0},"geometry":{"type":"LineString","coordinates":[[-74.5072380614591,39.3258943116933],[-74.5073351133768,39.325996088704],[-74.5073850708382,39.3260484454159]]}},{"type":"Feature","id":85959,"properties":{"OBJECTID":85959,"PRIMENAME":"Fulton Avenue","ELEVTYP_F":0,"ELEVTYP_T":0},"geometry":{"type":"LineString","coordinates":[[-74.5134546590662,39.3314183035331],[-74.5139826561822,39.3311148975248]]}},{"type":"Feature","id":86246,"properties":{"OBJECTID":86246,"PRIMENAME":"Winchester Avenue","ELEVTYP_F":0,"ELEVTYP_T":0},"geometry":{"type":"LineString","coordinates":[[-74.498622588383,39.3330404836063],[-74.4985004690952,39.3331102780618],[-74.4981388819091,39.3333174618442]]}},{"type":"Feature","id":86666,"properties":{"OBJECTID":86666,"PRIMENAME":"Winchester Avenue","ELEVTYP_F":0,"ELEVTYP_T":0},"geometry":{"type":"LineString","coordinates":[[-74.4966854079282,39.3341507174589],[-74.4965459590166,39.3342282248256],[-74.4963529717996,39.3343366354771],[-74.4962276383082,39.3344070408859]]}},{"type":"Feature","id":87025,"properties":{"OBJECTID":87025,"PRIMENAME":"Winchester Avenue","ELEVTYP_F":0,"ELEVTYP_T":0},"geometry":{"type":"LineString","coordinates":[[-74.4996866508054,39.3324249083836],[-74.4995444166153,39.3325068666769],[-74.4991010584711,39.332765865239]]}},{"type":"Feature","id":87955,"properties":{"OBJECTID":87955,"PRIMENAME":"Winchester Avenue","ELEVTYP_F":0,"ELEVTYP_T":0},"geometry":{"type":"LineString","coordinates":[[-74.4932496676249,39.3346547598221],[-74.4927249187271,39.3349086486663]]}},{"type":"Feature","id":88154,"properties":{"OBJECTID":88154,"PRIMENAME":"North Benson Avenue","ELEVTYP_F":0,"ELEVTYP_T":0},"geometry":{"type":"LineString","coordinates":[[-74.5159735804005,39.3264703377914],[-74.5162218488046,39.3267299633486],[-74.516273688853,39.3267921456684],[-74.5162800194201,39.3268025509965],[-74.5162819666893,39.3268120227924],[-74.5162819701216,39.3268268222794]]}},{"type":"Feature","id":88903,"properties":{"OBJECTID":88903,"PRIMENAME":"Monmouth Avenue","ELEVTYP_F":0,"ELEVTYP_T":0},"geometry":{"type":"LineString","coordinates":[[-74.4985380223122,39.3345234274665],[-74.4990207460896,39.334244471234]]}},{"type":"Feature","id":88915,"properties":{"OBJECTID":88915,"PRIMENAME":"South Jefferson Avenue","ELEVTYP_F":0,"ELEVTYP_T":0},"geometry":{"type":"LineString","coordinates":[[-74.5144512194398,39.3201688185995],[-74.5149961056837,39.3207425450493],[-74.5156408159037,39.3214159505965]]}},{"type":"Feature","id":88934,"properties":{"OBJECTID":88934,"PRIMENAME":"Seaside Court","ELEVTYP_F":0,"ELEVTYP_T":0},"geometry":{"type":"LineString","coordinates":[[-74.5092001926682,39.3355524307262],[-74.5085388315835,39.3348725398465],[-74.5084582446334,39.3347920967692],[-74.5084237319642,39.3347563504835],[-74.5083661692092,39.3347295563312],[-74.5082894459348,39.3347325273005],[-74.5082012346455,39.3347593588804],[-74.5080055867899,39.3348785357354],[-74.5078780644448,39.3349571530381],[-74.5078050942221,39.3350086944027],[-74.507753019632,39.3350575165761]]}},{"type":"Feature","id":89588,"properties":{"OBJECTID":89588,"PRIMENAME":"North Douglass Avenue","ELEVTYP_F":0,"ELEVTYP_T":0},"geometry":{"type":"LineString","coordinates":[[-74.5036592839335,39.3381625651482],[-74.5037529523287,39.3382453712102],[-74.5045551062558,39.3390892287205],[-74.5046191805903,39.3391570997484]]}},{"type":"Feature","id":89653,"properties":{"OBJECTID":89653,"PRIMENAME":"Monmouth Avenue","ELEVTYP_F":0,"ELEVTYP_T":0},"geometry":{"type":"LineString","coordinates":[[-74.5115562034212,39.3274640302223],[-74.5118257062779,39.3273084873864],[-74.51215042249,39.3271232301992]]}},{"type":"Feature","id":89739,"properties":{"OBJECTID":89739,"PRIMENAME":"North Gladstone Avenue","ELEVTYP_F":0,"ELEVTYP_T":0},"geometry":{"type":"LineString","coordinates":[[-74.5048022255799,39.3359661408148],[-74.5051130374854,39.3362908591006],[-74.506229543883,39.3374646400912],[-74.506522993017,39.3377658955788]]}},{"type":"Feature","id":89989,"properties":{"OBJECTID":89989,"PRIMENAME":"North Ventnor Avenue","ELEVTYP_F":0,"ELEVTYP_T":0},"geometry":{"type":"LineString","coordinates":[[-74.5093115250113,39.3251164473627],[-74.5094362014481,39.3250555106883],[-74.5098688395232,39.3248457317049],[-74.5099463946598,39.3248067909695]]}},{"type":"Feature","id":90328,"properties":{"OBJECTID":90328,"PRIMENAME":"North 33rd Avenue","ELEVTYP_F":0,"ELEVTYP_T":0},"geometry":{"type":"LineString","coordinates":[[-74.5229230040604,39.3209239798284],[-74.5236548498317,39.3216800510791]]}},{"type":"Feature","id":90395,"properties":{"OBJECTID":90395,"PRIMENAME":"South Osborne Avenue","ELEVTYP_F":0,"ELEVTYP_T":0},"geometry":{"type":"LineString","coordinates":[[-74.5054841140552,39.3250260830895],[-74.5050552685123,39.3245783081837],[-74.5044038781973,39.3238836196169]]}},{"type":"Feature","id":90554,"properties":{"OBJECTID":90554,"PRIMENAME":"South 35th Avenue","ELEVTYP_F":0,"ELEVTYP_T":0},"geometry":{"type":"LineString","coordinates":[[-74.5180902161896,39.3180733738757],[-74.5187687686738,39.3187814079371],[-74.519258661367,39.3192983972384]]}},{"type":"Feature","id":90611,"properties":{"OBJECTID":90611,"PRIMENAME":"Winchester Avenue","ELEVTYP_F":0,"ELEVTYP_T":0},"geometry":{"type":"LineString","coordinates":[[-74.4927249187271,39.3349086486663],[-74.4921959573589,39.3351645950119]]}},{"type":"Feature","id":90989,"properties":{"OBJECTID":90989,"PRIMENAME":"North Swarthmore Avenue","ELEVTYP_F":0,"ELEVTYP_T":0},"geometry":{"type":"LineString","coordinates":[[-74.4921959573589,39.3351645950119],[-74.4921185375954,39.3350686279276],[-74.4918156106563,39.3346942054665],[-74.4911580504102,39.3338711658723]]}},{"type":"Feature","id":91663,"properties":{"OBJECTID":91663,"PRIMENAME":"North Thurlow Avenue","ELEVTYP_F":0,"ELEVTYP_T":0},"geometry":{"type":"LineString","coordinates":[[-74.5140577723298,39.3291141338462],[-74.5146245779492,39.3297075989443],[-74.5152622595399,39.3303780967955]]}},{"type":"Feature","id":92381,"properties":{"OBJECTID":92381,"PRIMENAME":"Ventnor Avenue","ELEVTYP_F":0,"ELEVTYP_T":0},"geometry":{"type":"LineString","coordinates":[[-74.5078898800106,39.3255773067432],[-74.5073855063569,39.3258224480178],[-74.5072380614591,39.3258943116933]]}},{"type":"Feature","id":92842,"properties":{"OBJECTID":92842,"PRIMENAME":"Atlantic Avenue","ELEVTYP_F":0,"ELEVTYP_T":0},"geometry":{"type":"LineString","coordinates":[[-74.5116340766963,39.3212280928315],[-74.511213318046,39.32149021115]]}},{"type":"Feature","id":93462,"properties":{"OBJECTID":93462,"PRIMENAME":"South 36th Avenue","ELEVTYP_F":0,"ELEVTYP_T":0},"geometry":{"type":"LineString","coordinates":[[-74.5187177392427,39.3196276661697],[-74.5180559019509,39.3189318479924],[-74.5175396450984,39.3183908607298]]}},{"type":"Feature","id":93752,"properties":{"OBJECTID":93752,"PRIMENAME":"South Essex Avenue","ELEVTYP_F":0,"ELEVTYP_T":0},"geometry":{"type":"LineString","coordinates":[[-74.4963668788813,39.3294671979956],[-74.4959655728028,39.3289700234621],[-74.495465961385,39.3283586222242]]}},{"type":"Feature","id":93764,"properties":{"OBJECTID":93764,"PRIMENAME":"North Haverford Avenue","ELEVTYP_F":0,"ELEVTYP_T":0},"geometry":{"type":"LineString","coordinates":[[-74.502233769917,39.3309593222016],[-74.503221904546,39.3319973332938],[-74.5033867726386,39.3321709389001]]}},{"type":"Feature","id":93814,"properties":{"OBJECTID":93814,"PRIMENAME":"Fulton Avenue","ELEVTYP_F":0,"ELEVTYP_T":0},"geometry":{"type":"LineString","coordinates":[[-74.5066687968946,39.3349019853313],[-74.5064096470216,39.3350454625699],[-74.5050554415879,39.3358201415545],[-74.5048022255799,39.3359661408148]]}},{"type":"Feature","id":94008,"properties":{"OBJECTID":94008,"PRIMENAME":"Wellington Avenue","ELEVTYP_F":0,"ELEVTYP_T":0},"geometry":{"type":"LineString","coordinates":[[-74.5049747281313,39.3373991879686],[-74.5047123494032,39.3375514471362]]}},{"type":"Feature","id":94135,"properties":{"OBJECTID":94135,"PRIMENAME":"North Delavan Avenue","ELEVTYP_F":0,"ELEVTYP_T":0},"geometry":{"type":"LineString","coordinates":[[-74.4974972362753,39.3326597754987],[-74.4974416242489,39.3326119716967],[-74.4972803407664,39.3324220494301],[-74.4970776947067,39.3321742188748],[-74.4965775222522,39.3315312753188],[-74.4964120014572,39.3313240803791]]}},{"type":"Feature","id":94387,"properties":{"OBJECTID":94387,"PRIMENAME":"Amherst Avenue","ELEVTYP_F":0,"ELEVTYP_T":0},"geometry":{"type":"LineString","coordinates":[[-74.5002483503268,39.3355188299707],[-74.5007755874057,39.3352150174617]]}},{"type":"Feature","id":94479,"properties":{"OBJECTID":94479,"PRIMENAME":"Fulton Avenue","ELEVTYP_F":0,"ELEVTYP_T":0},"geometry":{"type":"LineString","coordinates":[[-74.4935379349571,39.3438039693503],[-74.4934206530856,39.3436855420045],[-74.4928105300774,39.3430568821711],[-74.4927318972848,39.3429763734903],[-74.4927206194875,39.3429566314827],[-74.4927245107233,39.3429323602374],[-74.4927479925675,39.3429111097369],[-74.4928144755099,39.34286556338]]}},{"type":"Feature","id":94602,"properties":{"OBJECTID":94602,"PRIMENAME":"Winchester Avenue","ELEVTYP_F":0,"ELEVTYP_T":0},"geometry":{"type":"LineString","coordinates":[[-74.5010871644375,39.3316178094263],[-74.5008553095785,39.3317516633357],[-74.5003879898074,39.332020935387]]}},{"type":"Feature","id":94633,"properties":{"OBJECTID":94633,"PRIMENAME":"Franklin Avenue","ELEVTYP_F":0,"ELEVTYP_T":0},"geometry":{"type":"LineString","coordinates":[[-74.4987768452282,39.3306298032121],[-74.4985062913812,39.3303034440448]]}},{"type":"Feature","id":94634,"properties":{"OBJECTID":94634,"PRIMENAME":"North Kenyon Avenue","ELEVTYP_F":0,"ELEVTYP_T":0},"geometry":{"type":"LineString","coordinates":[[-74.5055436107722,39.3290509858317],[-74.5043903742247,39.327845210919],[-74.5041319635943,39.3275732049615]]}},{"type":"Feature","id":94742,"properties":{"OBJECTID":94742,"PRIMENAME":"North Kenyon Avenue","ELEVTYP_F":0,"ELEVTYP_T":0},"geometry":{"type":"LineString","coordinates":[[-74.5066985847309,39.3302656724345],[-74.5056748888972,39.3291882095863],[-74.5055436107722,39.3290509858317]]}},{"type":"Feature","id":95563,"properties":{"OBJECTID":95563,"PRIMENAME":"Harbor Lane","ELEVTYP_F":0,"ELEVTYP_T":0},"geometry":{"type":"LineString","coordinates":[[-74.508857132495,39.338132356955],[-74.5092836113215,39.3385846480836],[-74.5093526741837,39.3386501821069],[-74.5093948610061,39.3386799694964],[-74.509427143978,39.3386884228175],[-74.5094602406126,39.3386916882812],[-74.5094920971813,39.3386865510527],[-74.509532369138,39.338675811871],[-74.5095675124478,39.3386561226189],[-74.5100119663854,39.3384039215305]]}},{"type":"Feature","id":96125,"properties":{"OBJECTID":96125,"PRIMENAME":"Monmouth Avenue","ELEVTYP_F":0,"ELEVTYP_T":0},"geometry":{"type":"LineString","coordinates":[[-74.5187801965304,39.3233129786947],[-74.5192218681369,39.3230576677478],[-74.5196238097326,39.3228291313531]]}},{"type":"Feature","id":96769,"properties":{"OBJECTID":96769,"PRIMENAME":"North Gladstone Avenue","ELEVTYP_F":0,"ELEVTYP_T":0},"geometry":{"type":"LineString","coordinates":[[-74.5029311211108,39.3339762399899],[-74.5034555852235,39.3345540273273],[-74.5038671168888,39.3349880453025],[-74.5039696960848,39.3350962286594],[-74.5048022255799,39.3359661408148]]}},{"type":"Feature","id":96979,"properties":{"OBJECTID":96979,"PRIMENAME":"Monmouth Avenue","ELEVTYP_F":0,"ELEVTYP_T":0},"geometry":{"type":"LineString","coordinates":[[-74.4983287358022,39.3350849999815],[-74.4988139337944,39.3348111567865]]}},{"type":"Feature","id":97125,"properties":{"OBJECTID":97125,"PRIMENAME":"Atlantic Avenue","ELEVTYP_F":0,"ELEVTYP_T":0},"geometry":{"type":"LineString","coordinates":[[-74.4932154072459,39.3309958560878],[-74.4926964123725,39.3312474121906],[-74.4926940436839,39.3312485650842]]}},{"type":"Feature","id":97143,"properties":{"OBJECTID":97143,"PRIMENAME":"Monmouth Avenue","ELEVTYP_F":0,"ELEVTYP_T":0},"geometry":{"type":"LineString","coordinates":[[-74.5085503743529,39.3292054681888],[-74.5087738289666,39.3290773656412],[-74.5091442349373,39.3288615262838]]}},{"type":"Feature","id":97159,"properties":{"OBJECTID":97159,"PRIMENAME":"North Jerome Avenue","ELEVTYP_F":0,"ELEVTYP_T":0},"geometry":{"type":"LineString","coordinates":[[-74.506102685742,39.3306122115459],[-74.5066750918437,39.3312039024697],[-74.5070399929569,39.3316110669818]]}},{"type":"Feature","id":97482,"properties":{"OBJECTID":97482,"PRIMENAME":"Wellington Avenue","ELEVTYP_F":0,"ELEVTYP_T":0},"geometry":{"type":"LineString","coordinates":[[-74.5031183189531,39.3384765223783],[-74.5027565774953,39.3386864389717],[-74.5026119642848,39.3387701575666]]}},{"type":"Feature","id":97926,"properties":{"OBJECTID":97926,"PRIMENAME":"Pacific Avenue","ELEVTYP_F":0,"ELEVTYP_T":0},"geometry":{"type":"LineString","coordinates":[[-74.5180902161896,39.3180733738757],[-74.5175396450984,39.3183908607298]]}},{"type":"Feature","id":98185,"properties":{"OBJECTID":98185,"PRIMENAME":"Unnamed Segment","ELEVTYP_F":0,"ELEVTYP_T":0},"geometry":{"type":"LineString","coordinates":[[-74.5018628145642,39.3263386372295],[-74.5016969794658,39.3264144208258],[-74.5015487689118,39.3264839712129],[-74.5013874297528,39.3265541458326],[-74.5012147971204,39.326641862816],[-74.5011260612747,39.3266907338191],[-74.501038196205,39.3267295516523],[-74.5009299479599,39.3267803747439],[-74.5008125436942,39.3268325165918]]}},{"type":"Feature","id":98206,"properties":{"OBJECTID":98206,"PRIMENAME":"Fremont Avenue","ELEVTYP_F":0,"ELEVTYP_T":0},"geometry":{"type":"LineString","coordinates":[[-74.5017596568466,39.336183574907],[-74.5023154591844,39.3358624017513]]}},{"type":"Feature","id":98575,"properties":{"OBJECTID":98575,"PRIMENAME":"Monmouth Avenue","ELEVTYP_F":0,"ELEVTYP_T":0},"geometry":{"type":"LineString","coordinates":[[-74.510957947895,39.3278113359588],[-74.5113266089611,39.3275965329182],[-74.5115562034212,39.3274640302223]]}},{"type":"Feature","id":98790,"properties":{"OBJECTID":98790,"PRIMENAME":"Winchester Avenue","ELEVTYP_F":0,"ELEVTYP_T":0},"geometry":{"type":"LineString","coordinates":[[-74.5079863428869,39.3276435137239],[-74.5078716301495,39.3277088414184],[-74.5073907556001,39.3279908558837]]}},{"type":"Feature","id":98839,"properties":{"OBJECTID":98839,"PRIMENAME":"North Swarthmore Avenue","ELEVTYP_F":0,"ELEVTYP_T":0},"geometry":{"type":"LineString","coordinates":[[-74.4932936915461,39.3360851272622],[-74.4944570891262,39.3373065508151]]}},{"type":"Feature","id":99758,"properties":{"OBJECTID":99758,"PRIMENAME":"Pacific Avenue","ELEVTYP_F":0,"ELEVTYP_T":0},"geometry":{"type":"LineString","coordinates":[[-74.5144512194398,39.3201688185995],[-74.5142284763189,39.3202976194755],[-74.5136592074752,39.3206262098128],[-74.5135961159448,39.3206624326986]]}},{"type":"Feature","id":102096,"properties":{"OBJECTID":102096,"PRIMENAME":"Monmouth Avenue","ELEVTYP_F":0,"ELEVTYP_T":0},"geometry":{"type":"LineString","coordinates":[[-74.4914517590629,39.337303019743],[-74.4914944029919,39.3372821005776],[-74.4920794275936,39.3370002422406]]}},{"type":"Feature","id":102636,"properties":{"OBJECTID":102636,"PRIMENAME":"North Iroquois Avenue","ELEVTYP_F":0,"ELEVTYP_T":0},"geometry":{"type":"LineString","coordinates":[[-74.5049564397653,39.3312668102551],[-74.5059086941853,39.3322612807802]]}},{"type":"Feature","id":102724,"properties":{"OBJECTID":102724,"PRIMENAME":"South Jefferson Avenue","ELEVTYP_F":0,"ELEVTYP_T":0},"geometry":{"type":"LineString","coordinates":[[-74.5136066650001,39.3192796456797],[-74.5140429932824,39.3197390307338]]}},{"type":"Feature","id":102753,"properties":{"OBJECTID":102753,"PRIMENAME":"North Quincy Avenue","ELEVTYP_F":0,"ELEVTYP_T":0},"geometry":{"type":"LineString","coordinates":[[-74.5078898800106,39.3255773067432],[-74.5080373855978,39.3257331151328]]}},{"type":"Feature","id":102769,"properties":{"OBJECTID":102769,"PRIMENAME":"Winchester Avenue","ELEVTYP_F":0,"ELEVTYP_T":0},"geometry":{"type":"LineString","coordinates":[[-74.4976559500379,39.3335919392169],[-74.4974802988215,39.3336914664694],[-74.4971747111514,39.3338732238654]]}},{"type":"Feature","id":102778,"properties":{"OBJECTID":102778,"PRIMENAME":"Gladstone Avenue","ELEVTYP_F":0,"ELEVTYP_T":0},"geometry":{"type":"LineString","coordinates":[[-74.4996859911473,39.3297317738552],[-74.4994743030882,39.3294674164865]]}},{"type":"Feature","id":103283,"properties":{"OBJECTID":103283,"PRIMENAME":"Brunswick Drive","ELEVTYP_F":0,"ELEVTYP_T":0},"geometry":{"type":"LineString","coordinates":[[-74.4978645087982,39.3360918902169],[-74.4975326766987,39.336279660923]]}},{"type":"Feature","id":103319,"properties":{"OBJECTID":103319,"PRIMENAME":"North Belmont Drive","ELEVTYP_F":0,"ELEVTYP_T":0},"geometry":{"type":"LineString","coordinates":[[-74.4975326766987,39.336279660923],[-74.4981166884534,39.3369085161172],[-74.4985086886237,39.3373180125897]]}},{"type":"Feature","id":103548,"properties":{"OBJECTID":103548,"PRIMENAME":"Bayshore Drive","ELEVTYP_F":0,"ELEVTYP_T":0},"geometry":{"type":"LineString","coordinates":[[-74.503761394482,39.3427113069062],[-74.5038749684637,39.342645543872],[-74.5040486514467,39.3425241516803],[-74.5041980421187,39.3424000684785],[-74.5043300344525,39.3422813680858],[-74.5044620244533,39.3421330136946],[-74.5045627558945,39.3419819426288],[-74.5046078673688,39.3418713724184],[-74.5046319432365,39.341805365324]]}},{"type":"Feature","id":103680,"properties":{"OBJECTID":103680,"PRIMENAME":"Oak Grove Avenue","ELEVTYP_F":0,"ELEVTYP_T":0},"geometry":{"type":"LineString","coordinates":[[-74.4979893899949,39.3323754971425],[-74.498463509395,39.3321016767081]]}},{"type":"Feature","id":104587,"properties":{"OBJECTID":104587,"PRIMENAME":"North Washington Avenue","ELEVTYP_F":0,"ELEVTYP_T":0},"geometry":{"type":"LineString","coordinates":[[-74.4935920134245,39.3359232309514],[-74.4936893156973,39.3359227146943],[-74.4937497759777,39.3359254636347],[-74.4937698588899,39.3359279815837],[-74.4938049671598,39.3359323857322],[-74.49385439645,39.3359412019102],[-74.4938903878815,39.3359544926043],[-74.4939298449032,39.335973741448],[-74.493996876805,39.3360290710833],[-74.4940666685759,39.3360968329464]]}},{"type":"Feature","id":105829,"properties":{"OBJECTID":105829,"PRIMENAME":"North Rumson Avenue","ELEVTYP_F":0,"ELEVTYP_T":0},"geometry":{"type":"LineString","coordinates":[[-74.5119055740853,39.3288049900574],[-74.5111701360841,39.3280335792021],[-74.510957947895,39.3278113359588]]}},{"type":"Feature","id":105879,"properties":{"OBJECTID":105879,"PRIMENAME":"North Coolidge Avenue","ELEVTYP_F":0,"ELEVTYP_T":0},"geometry":{"type":"LineString","coordinates":[[-74.5214205371193,39.3233256196861],[-74.5205532976595,39.3224168973806],[-74.5204783681053,39.322338576568]]}},{"type":"Feature","id":106252,"properties":{"OBJECTID":106252,"PRIMENAME":"North Quincy Avenue","ELEVTYP_F":0,"ELEVTYP_T":0},"geometry":{"type":"LineString","coordinates":[[-74.5113007339702,39.3291555924279],[-74.5118263575568,39.3297079169292],[-74.511930528269,39.3298174047929]]}},{"type":"Feature","id":106331,"properties":{"OBJECTID":106331,"PRIMENAME":"Monmouth Avenue","ELEVTYP_F":0,"ELEVTYP_T":0},"geometry":{"type":"LineString","coordinates":[[-74.5008299468598,39.3336443204962],[-74.5010784603193,39.3335018997878],[-74.501545115715,39.3332340249068]]}},{"type":"Feature","id":106487,"properties":{"OBJECTID":106487,"PRIMENAME":"North Lafayette Avenue","ELEVTYP_F":0,"ELEVTYP_T":0},"geometry":{"type":"LineString","coordinates":[[-74.4914517590629,39.337303019743],[-74.4913103857968,39.3371228367171],[-74.49045851668,39.3360760609377],[-74.4904184289656,39.3360267993652]]}},{"type":"Feature","id":107690,"properties":{"OBJECTID":107690,"PRIMENAME":"North Essex Avenue","ELEVTYP_F":0,"ELEVTYP_T":0},"geometry":{"type":"LineString","coordinates":[[-74.5012065791167,39.3349664748091],[-74.5002533303552,39.3339721851801]]}},{"type":"Feature","id":110770,"properties":{"OBJECTID":110770,"PRIMENAME":"North Granville Avenue","ELEVTYP_F":0,"ELEVTYP_T":0},"geometry":{"type":"LineString","coordinates":[[-74.50170073787,39.3312643496147],[-74.5013901054417,39.330935997057],[-74.5008194430527,39.3303476014067],[-74.500069403151,39.329546302863]]}},{"type":"Feature","id":111220,"properties":{"OBJECTID":111220,"PRIMENAME":"Atlantic Avenue","ELEVTYP_F":0,"ELEVTYP_T":0},"geometry":{"type":"LineString","coordinates":[[-74.503711142097,39.3258996942587],[-74.5036463795506,39.3259309428772],[-74.5031882640693,39.3261537684206]]}},{"type":"Feature","id":111646,"properties":{"OBJECTID":111646,"PRIMENAME":"South 36th Avenue","ELEVTYP_F":0,"ELEVTYP_T":0},"geometry":{"type":"LineString","coordinates":[[-74.5175396450984,39.3183908607298],[-74.5170750521684,39.3179040080211]]}},{"type":"Feature","id":111725,"properties":{"OBJECTID":111725,"PRIMENAME":"North Fredericksburg Avenue","ELEVTYP_F":0,"ELEVTYP_T":0},"geometry":{"type":"LineString","coordinates":[[-74.4957085111604,39.3365873447693],[-74.4954387088546,39.3363079499479]]}},{"type":"Feature","id":112000,"properties":{"OBJECTID":112000,"PRIMENAME":"South Ventnor Avenue","ELEVTYP_F":0,"ELEVTYP_T":0},"geometry":{"type":"LineString","coordinates":[[-74.5113687472937,39.3238747457162],[-74.5112894776356,39.323792136055],[-74.5112599182536,39.3237591627713],[-74.5112425940754,39.3237433497319],[-74.511222266171,39.3237357461098],[-74.5112064292658,39.3237369286047],[-74.5111944110799,39.3237422013327],[-74.5111299015882,39.3237778464773],[-74.5109132520303,39.3238848388153]]}},{"type":"Feature","id":112620,"properties":{"OBJECTID":112620,"PRIMENAME":"Amherst Avenue","ELEVTYP_F":0,"ELEVTYP_T":0},"geometry":{"type":"LineString","coordinates":[[-74.5219550489251,39.3230194851657],[-74.5222312285208,39.3228618575993],[-74.5225007249979,39.3227067295279]]}},{"type":"Feature","id":112833,"properties":{"OBJECTID":112833,"PRIMENAME":"North Wissahickon Avenue","ELEVTYP_F":0,"ELEVTYP_T":0},"geometry":{"type":"LineString","coordinates":[[-74.4932654161867,39.3426061779831],[-74.4931978148878,39.3425376141203],[-74.4928301778168,39.3421488590553],[-74.4923839834602,39.3416798127717]]}},{"type":"Feature","id":113118,"properties":{"OBJECTID":113118,"PRIMENAME":"Monmouth Avenue","ELEVTYP_F":0,"ELEVTYP_T":0},"geometry":{"type":"LineString","coordinates":[[-74.5179188281595,39.3238070099387],[-74.51864676753,39.3233900721113],[-74.5187801965304,39.3233129786947]]}},{"type":"Feature","id":113333,"properties":{"OBJECTID":113333,"PRIMENAME":"North Haverford Avenue","ELEVTYP_F":0,"ELEVTYP_T":0},"geometry":{"type":"LineString","coordinates":[[-74.5033867726386,39.3321709389001],[-74.504333290523,39.3331677563341]]}},{"type":"Feature","id":113580,"properties":{"OBJECTID":113580,"PRIMENAME":"Harbor Lane","ELEVTYP_F":0,"ELEVTYP_T":0},"geometry":{"type":"LineString","coordinates":[[-74.5073192147924,39.3383017356444],[-74.5081968863438,39.3377823583577],[-74.5082675967979,39.3377381207259],[-74.5083372121426,39.337704068624],[-74.5083743719091,39.3376980530276],[-74.5084145744991,39.33770225152],[-74.5084433571309,39.3377110900157],[-74.5084727414594,39.3377264917852],[-74.5085183236443,39.3377730271685],[-74.5086023268096,39.3378621186173],[-74.508857132495,39.338132356955]]}},{"type":"Feature","id":113591,"properties":{"OBJECTID":113591,"PRIMENAME":"North Frontenac Avenue","ELEVTYP_F":0,"ELEVTYP_T":0},"geometry":{"type":"LineString","coordinates":[[-74.501545115715,39.3332340249068],[-74.5003879898074,39.332020935387]]}},{"type":"Feature","id":115669,"properties":{"OBJECTID":115669,"PRIMENAME":"North Mansfield Avenue","ELEVTYP_F":0,"ELEVTYP_T":0},"geometry":{"type":"LineString","coordinates":[[-74.5088955941155,39.3305408356993],[-74.50852362058,39.3301535286934],[-74.5079482356085,39.3295498481079]]}},{"type":"Feature","id":115719,"properties":{"OBJECTID":115719,"PRIMENAME":"Ventnor Gardens Plaza","ELEVTYP_F":0,"ELEVTYP_T":0},"geometry":{"type":"LineString","coordinates":[[-74.4906653810839,39.3385408234509],[-74.4907465697877,39.3385015661933],[-74.4909971693548,39.3383786888144]]}},{"type":"Feature","id":115837,"properties":{"OBJECTID":115837,"PRIMENAME":"South Huntington Avenue","ELEVTYP_F":0,"ELEVTYP_T":0},"geometry":{"type":"LineString","coordinates":[[-74.4994599591823,39.3269736461658],[-74.5000387865526,39.3276826670145]]}},{"type":"Feature","id":116299,"properties":{"OBJECTID":116299,"PRIMENAME":"South Jerome Avenue","ELEVTYP_F":0,"ELEVTYP_T":0},"geometry":{"type":"LineString","coordinates":[[-74.5032229593745,39.3280178434157],[-74.5022665165199,39.3268228045632],[-74.5021343998764,39.3266661382393]]}},{"type":"Feature","id":116301,"properties":{"OBJECTID":116301,"PRIMENAME":"South Monroe Avenue","ELEVTYP_F":0,"ELEVTYP_T":0},"geometry":{"type":"LineString","coordinates":[[-74.5161520598781,39.3191844841718],[-74.5166770101796,39.3197364319928],[-74.517341634368,39.3204334654924]]}},{"type":"Feature","id":116806,"properties":{"OBJECTID":116806,"PRIMENAME":"North Gilmar Circle","ELEVTYP_F":0,"ELEVTYP_T":0},"geometry":{"type":"LineString","coordinates":[[-74.5067082627106,39.3376642589049],[-74.5067129627662,39.337551020109],[-74.5067398191251,39.3373871831521],[-74.5067896459414,39.3371011351134],[-74.5067934952114,39.3370564626573]]}},{"type":"Feature","id":117008,"properties":{"OBJECTID":117008,"PRIMENAME":"North Fredericksburg Avenue","ELEVTYP_F":0,"ELEVTYP_T":0},"geometry":{"type":"LineString","coordinates":[[-74.4937676242433,39.3344041625135],[-74.493326467505,39.3338514861351],[-74.4929644645706,39.3333982176511],[-74.4928403146659,39.3332427665441],[-74.4927320000365,39.3331081665286]]}},{"type":"Feature","id":117909,"properties":{"OBJECTID":117909,"PRIMENAME":"North Wyoming Avenue","ELEVTYP_F":0,"ELEVTYP_T":0},"geometry":{"type":"LineString","coordinates":[[-74.4913296974675,39.3382156758907],[-74.4913949313588,39.3382334447646],[-74.4914731067846,39.3382410290566],[-74.4915676175728,39.3382612718052],[-74.4916490073927,39.3382992226213],[-74.4917272158977,39.3383321213944],[-74.4918282282983,39.3383776799428],[-74.4919031482493,39.3384105783664]]}},{"type":"Feature","id":118066,"properties":{"OBJECTID":118066,"PRIMENAME":"South 34th Avenue","ELEVTYP_F":0,"ELEVTYP_T":0},"geometry":{"type":"LineString","coordinates":[[-74.5186394047947,39.3177567088689],[-74.5181552214295,39.317252840827]]}},{"type":"Feature","id":118316,"properties":{"OBJECTID":118316,"PRIMENAME":"North Clermont Avenue","ELEVTYP_F":0,"ELEVTYP_T":0},"geometry":{"type":"LineString","coordinates":[[-74.4976559500379,39.3335919392169],[-74.4982634180307,39.3342370487183],[-74.4985380223122,39.3345234274665]]}},{"type":"Feature","id":119400,"properties":{"OBJECTID":119400,"PRIMENAME":"North Wissahickon Avenue","ELEVTYP_F":0,"ELEVTYP_T":0},"geometry":{"type":"LineString","coordinates":[[-74.4923839834602,39.3416798127717],[-74.4919894500201,39.3412651062246],[-74.4913725387437,39.3406244942491]]}},{"type":"Feature","id":119402,"properties":{"OBJECTID":119402,"PRIMENAME":"Marshall Avenue","ELEVTYP_F":0,"ELEVTYP_T":0},"geometry":{"type":"LineString","coordinates":[[-74.5056705905061,39.3385488288148],[-74.5059291882048,39.3383992314103]]}},{"type":"Feature","id":119847,"properties":{"OBJECTID":119847,"PRIMENAME":"Atlantic Avenue","ELEVTYP_F":0,"ELEVTYP_T":0},"geometry":{"type":"LineString","coordinates":[[-74.4942653359342,39.3304845283749],[-74.4940917397421,39.3305682900217],[-74.49374405062,39.3307381753441]]}},{"type":"Feature","id":120037,"properties":{"OBJECTID":120037,"PRIMENAME":"North Thurlow Avenue","ELEVTYP_F":0,"ELEVTYP_T":0},"geometry":{"type":"LineString","coordinates":[[-74.5110007109135,39.325915268873],[-74.5112891252188,39.3262166629569],[-74.51215042249,39.3271232301992]]}},{"type":"Feature","id":120302,"properties":{"OBJECTID":120302,"PRIMENAME":"Winchester Avenue","ELEVTYP_F":0,"ELEVTYP_T":0},"geometry":{"type":"LineString","coordinates":[[-74.5003879898074,39.332020935387],[-74.4996866508054,39.3324249083836]]}},{"type":"Feature","id":121087,"properties":{"OBJECTID":121087,"PRIMENAME":"Monmouth Avenue","ELEVTYP_F":0,"ELEVTYP_T":0},"geometry":{"type":"LineString","coordinates":[[-74.4957085111604,39.3365873447693],[-74.4964642959408,39.3361574227426]]}},{"type":"Feature","id":121275,"properties":{"OBJECTID":121275,"PRIMENAME":"Atlantic Avenue","ELEVTYP_F":0,"ELEVTYP_T":0},"geometry":{"type":"LineString","coordinates":[[-74.510397663065,39.3219955210515],[-74.510251221294,39.3220860317807],[-74.5097509908887,39.322395651753],[-74.5095865909127,39.3224972557858]]}},{"type":"Feature","id":121399,"properties":{"OBJECTID":121399,"PRIMENAME":"Atlantic Avenue","ELEVTYP_F":0,"ELEVTYP_T":0},"geometry":{"type":"LineString","coordinates":[[-74.4911157874674,39.3320149139595],[-74.4905984398539,39.3322655815948]]}},{"type":"Feature","id":122392,"properties":{"OBJECTID":122392,"PRIMENAME":"South Thurlow Avenue","ELEVTYP_F":0,"ELEVTYP_T":0},"geometry":{"type":"LineString","coordinates":[[-74.5076924866031,39.3224512962637],[-74.5084257404433,39.3232142461145]]}},{"type":"Feature","id":123122,"properties":{"OBJECTID":123122,"PRIMENAME":"South Granville Avenue","ELEVTYP_F":0,"ELEVTYP_T":0},"geometry":{"type":"LineString","coordinates":[[-74.4983271514517,39.3273739575283],[-74.4989913451055,39.328191576137]]}},{"type":"Feature","id":123582,"properties":{"OBJECTID":123582,"PRIMENAME":"Monmouth Avenue","ELEVTYP_F":0,"ELEVTYP_T":0},"geometry":{"type":"LineString","coordinates":[[-74.4926917803876,39.3366904592559],[-74.4927603429174,39.3366474659165],[-74.4928609443874,39.3365530758965],[-74.4928956344497,39.3365086372916],[-74.4929447870409,39.3364456698222],[-74.4929571639663,39.3364265327912]]}},{"type":"Feature","id":123768,"properties":{"OBJECTID":123768,"PRIMENAME":"South 32nd Avenue","ELEVTYP_F":0,"ELEVTYP_T":0},"geometry":{"type":"LineString","coordinates":[[-74.5204731526692,39.3166979361612],[-74.5207812294511,39.3170210224293],[-74.5216302308991,39.3179091266931]]}},{"type":"Feature","id":123940,"properties":{"OBJECTID":123940,"PRIMENAME":"North Exeter Avenue","ELEVTYP_F":0,"ELEVTYP_T":0},"geometry":{"type":"LineString","coordinates":[[-74.5047123494032,39.3375514471362],[-74.5037585166382,39.336549083864],[-74.5035282951455,39.336307145212],[-74.5028217234033,39.3355698928242]]}},{"type":"Feature","id":124136,"properties":{"OBJECTID":124136,"PRIMENAME":"Marshall Avenue","ELEVTYP_F":0,"ELEVTYP_T":0},"geometry":{"type":"LineString","coordinates":[[-74.5066984296949,39.3379011499143],[-74.5067475416833,39.3379085328436],[-74.5068050678718,39.337896613537],[-74.5069354960946,39.3378221428184],[-74.5082398679375,39.337071250659],[-74.50856120941,39.3368832025031]]}},{"type":"Feature","id":124171,"properties":{"OBJECTID":124171,"PRIMENAME":"South Kenyon Avenue","ELEVTYP_F":0,"ELEVTYP_T":0},"geometry":{"type":"LineString","coordinates":[[-74.5031882640693,39.3261537684206],[-74.5035095984335,39.3265520220684],[-74.5042767649743,39.3275024434313]]}},{"type":"Feature","id":124363,"properties":{"OBJECTID":124363,"PRIMENAME":"North Rumson Avenue","ELEVTYP_F":0,"ELEVTYP_T":0},"geometry":{"type":"LineString","coordinates":[[-74.5139826561822,39.3311148975248],[-74.5140239089739,39.3310863926014],[-74.5140320028174,39.3310742828813],[-74.5140376924416,39.3310578909798],[-74.5140335861736,39.3310339766593],[-74.5140193324998,39.3310080043],[-74.5138816691427,39.3308655191967],[-74.5125351582119,39.3294641904537]]}},{"type":"Feature","id":125005,"properties":{"OBJECTID":125005,"PRIMENAME":"Marshall Avenue","ELEVTYP_F":0,"ELEVTYP_T":0},"geometry":{"type":"LineString","coordinates":[[-74.5040996041556,39.339457661943],[-74.5046191805903,39.3391570997484]]}},{"type":"Feature","id":125152,"properties":{"OBJECTID":125152,"PRIMENAME":"North Monroe Avenue","ELEVTYP_F":0,"ELEVTYP_T":0},"geometry":{"type":"LineString","coordinates":[[-74.5196238097326,39.3228291313531],[-74.5205676710096,39.3238152756862]]}},{"type":"Feature","id":126172,"properties":{"OBJECTID":126172,"PRIMENAME":"North Gladstone Avenue","ELEVTYP_F":0,"ELEVTYP_T":0},"geometry":{"type":"LineString","coordinates":[[-74.5022473707583,39.3328291345324],[-74.5020566931729,39.3326304599403],[-74.5010871644375,39.3316178094263]]}},{"type":"Feature","id":126214,"properties":{"OBJECTID":126214,"PRIMENAME":"North Washington Avenue","ELEVTYP_F":0,"ELEVTYP_T":0},"geometry":{"type":"LineString","coordinates":[[-74.4927249187271,39.3349086486663],[-74.4928862294559,39.3351078582473],[-74.4931334834996,39.3354171196839],[-74.4934811759131,39.3358522208802],[-74.4935114035335,39.3358867633601],[-74.4935505410215,39.3359102686585],[-74.4935920134245,39.3359232309514]]}},{"type":"Feature","id":126877,"properties":{"OBJECTID":126877,"PRIMENAME":"South Lancaster Avenue","ELEVTYP_F":0,"ELEVTYP_T":0},"geometry":{"type":"LineString","coordinates":[[-74.503711142097,39.3258996942587],[-74.5032664254058,39.3253479070261],[-74.5028948600354,39.3248883155789],[-74.5027297263955,39.3246923868634]]}},{"type":"Feature","id":127982,"properties":{"OBJECTID":127982,"PRIMENAME":"South Delavan Avenue","ELEVTYP_F":0,"ELEVTYP_T":0},"geometry":{"type":"LineString","coordinates":[[-74.4953139058248,39.3299782149336],[-74.4946645858882,39.3291603015279]]}},{"type":"Feature","id":128121,"properties":{"OBJECTID":128121,"PRIMENAME":"Monmouth Avenue","ELEVTYP_F":0,"ELEVTYP_T":0},"geometry":{"type":"LineString","coordinates":[[-74.5097404568177,39.3285161245141],[-74.5100478636392,39.3283388099537],[-74.5103554451482,39.3281610819875]]}},{"type":"Feature","id":128376,"properties":{"OBJECTID":128376,"PRIMENAME":"South Knight Avenue","ELEVTYP_F":0,"ELEVTYP_T":0},"geometry":{"type":"LineString","coordinates":[[-74.5026590890582,39.3264111355478],[-74.50194540999,39.3255224794593]]}},{"type":"Feature","id":128646,"properties":{"OBJECTID":128646,"PRIMENAME":"Monmouth Avenue","ELEVTYP_F":0,"ELEVTYP_T":0},"geometry":{"type":"LineString","coordinates":[[-74.5210085273928,39.3220286853017],[-74.5215612320848,39.3217097549521]]}},{"type":"Feature","id":128958,"properties":{"OBJECTID":128958,"PRIMENAME":"North Delavan Avenue","ELEVTYP_F":0,"ELEVTYP_T":0},"geometry":{"type":"LineString","coordinates":[[-74.4990207460896,39.334244471234],[-74.4987507006972,39.3339624590032],[-74.4982203402575,39.3334032106868],[-74.4981388819091,39.3333174618442]]}},{"type":"Feature","id":129423,"properties":{"OBJECTID":129423,"PRIMENAME":"North Jasper Avenue","ELEVTYP_F":0,"ELEVTYP_T":0},"geometry":{"type":"LineString","coordinates":[[-74.50643160359,39.3319607099548],[-74.5054834472924,39.3309658588153]]}},{"type":"Feature","id":129464,"properties":{"OBJECTID":129464,"PRIMENAME":"North Pembroke Avenue","ELEVTYP_F":0,"ELEVTYP_T":0},"geometry":{"type":"LineString","coordinates":[[-74.5085828090213,39.3273037469862],[-74.5087389106851,39.327467296309],[-74.5096472527743,39.3284184686596],[-74.5097404568177,39.3285161245141]]}},{"type":"Feature","id":129942,"properties":{"OBJECTID":129942,"PRIMENAME":"Lagoon Drive","ELEVTYP_F":0,"ELEVTYP_T":0},"geometry":{"type":"LineString","coordinates":[[-74.5104542254563,39.3388656790384],[-74.5109953014836,39.3385549000248],[-74.5120768404137,39.3379323462744]]}},{"type":"Feature","id":130080,"properties":{"OBJECTID":130080,"PRIMENAME":"North 35th Avenue","ELEVTYP_F":0,"ELEVTYP_T":0},"geometry":{"type":"LineString","coordinates":[[-74.5215612320848,39.3217097549521],[-74.5225007249979,39.3227067295279]]}},{"type":"Feature","id":130167,"properties":{"OBJECTID":130167,"PRIMENAME":"Fremont Avenue","ELEVTYP_F":0,"ELEVTYP_T":0},"geometry":{"type":"LineString","coordinates":[[-74.5146451714104,39.3287708231489],[-74.5140577723298,39.3291141338462]]}},{"type":"Feature","id":130676,"properties":{"OBJECTID":130676,"PRIMENAME":"North Nassau Avenue","ELEVTYP_F":0,"ELEVTYP_T":0},"geometry":{"type":"LineString","coordinates":[[-74.5094961103998,39.3301955727767],[-74.5102760357904,39.331015533078],[-74.5104383376957,39.3311858337739]]}},{"type":"Feature","id":130707,"properties":{"OBJECTID":130707,"PRIMENAME":"North Essex Avenue","ELEVTYP_F":0,"ELEVTYP_T":0},"geometry":{"type":"LineString","coordinates":[[-74.499981831101,39.3336890227539],[-74.4997453369067,39.3334423229046],[-74.4991010584711,39.332765865239]]}},{"type":"Feature","id":130990,"properties":{"OBJECTID":130990,"PRIMENAME":"South Madison Avenue","ELEVTYP_F":0,"ELEVTYP_T":0},"geometry":{"type":"LineString","coordinates":[[-74.515299029287,39.3196767926804],[-74.515090035693,39.3194550228511],[-74.5148761642013,39.319232100217]]}},{"type":"Feature","id":131113,"properties":{"OBJECTID":131113,"PRIMENAME":"North Jefferson Avenue","ELEVTYP_F":0,"ELEVTYP_T":0},"geometry":{"type":"LineString","coordinates":[[-74.5156408159037,39.3214159505965],[-74.5164421405718,39.3222529465116],[-74.5167650041381,39.322593448368]]}},{"type":"Feature","id":131478,"properties":{"OBJECTID":131478,"PRIMENAME":"Amherst Avenue","ELEVTYP_F":0,"ELEVTYP_T":0},"geometry":{"type":"LineString","coordinates":[[-74.5164052441969,39.3262224239219],[-74.5165082104247,39.3261632951828],[-74.5171466123756,39.3257905852643]]}},{"type":"Feature","id":132257,"properties":{"OBJECTID":132257,"PRIMENAME":"Winchester Avenue","ELEVTYP_F":0,"ELEVTYP_T":0},"geometry":{"type":"LineString","coordinates":[[-74.50170073787,39.3312643496147],[-74.5015607713601,39.3313444708924],[-74.5010871644375,39.3316178094263]]}},{"type":"Feature","id":132530,"properties":{"OBJECTID":132530,"PRIMENAME":"North Lancaster Avenue","ELEVTYP_F":0,"ELEVTYP_T":0},"geometry":{"type":"LineString","coordinates":[[-74.5092284896069,39.3318825445873],[-74.5083998796685,39.3310192535518],[-74.5082822754708,39.3308940857369]]}},{"type":"Feature","id":132952,"properties":{"OBJECTID":132952,"PRIMENAME":"North Huntington Avenue","ELEVTYP_F":0,"ELEVTYP_T":0},"geometry":{"type":"LineString","coordinates":[[-74.5048309703524,39.3328813887089],[-74.5048337663298,39.3329221900589],[-74.5048425025215,39.3329642261773],[-74.5048547026656,39.3329940705348],[-74.5048900251805,39.3330378630246],[-74.5054695859272,39.3336554523202],[-74.5062541324636,39.3344652245371],[-74.5066687968946,39.3349019853313]]}},{"type":"Feature","id":133014,"properties":{"OBJECTID":133014,"PRIMENAME":"Atlantic Avenue","ELEVTYP_F":0,"ELEVTYP_T":0},"geometry":{"type":"LineString","coordinates":[[-74.4989913451055,39.328191576137],[-74.4986030591566,39.328379377574]]}},{"type":"Feature","id":133941,"properties":{"OBJECTID":133941,"PRIMENAME":"North Quincy Avenue","ELEVTYP_F":0,"ELEVTYP_T":0},"geometry":{"type":"LineString","coordinates":[[-74.5080373855978,39.3257331151328],[-74.50881218843,39.3265517413121],[-74.5092000897134,39.3269533774422]]}},{"type":"Feature","id":134117,"properties":{"OBJECTID":134117,"PRIMENAME":"North Jefferson Avenue","ELEVTYP_F":0,"ELEVTYP_T":0},"geometry":{"type":"LineString","coordinates":[[-74.5167650041381,39.322593448368],[-74.5177563483099,39.3236390255707],[-74.5179188281595,39.3238070099387]]}},{"type":"Feature","id":134182,"properties":{"OBJECTID":134182,"PRIMENAME":"Atlantic Avenue","ELEVTYP_F":0,"ELEVTYP_T":0},"geometry":{"type":"LineString","coordinates":[[-74.4974181768568,39.3289549085082],[-74.497279340281,39.3290225042735]]}},{"type":"Feature","id":134508,"properties":{"OBJECTID":134508,"PRIMENAME":"Atlantic Avenue","ELEVTYP_F":0,"ELEVTYP_T":0},"geometry":{"type":"LineString","coordinates":[[-74.5066650331349,39.3243044819707],[-74.5062249705698,39.3245787730572],[-74.5060725092271,39.3246716677735]]}},{"type":"Feature","id":134842,"properties":{"OBJECTID":134842,"PRIMENAME":"North Colmar Circle","ELEVTYP_F":0,"ELEVTYP_T":0},"geometry":{"type":"LineString","coordinates":[[-74.505561772355,39.3347297241724],[-74.5053737938421,39.3348697635852],[-74.5052226871685,39.3349637001039],[-74.5048980915423,39.3351319420624]]}},{"type":"Feature","id":136476,"properties":{"OBJECTID":136476,"PRIMENAME":"Unnamed Segment","ELEVTYP_F":0,"ELEVTYP_T":0},"geometry":{"type":"LineString","coordinates":[[-74.4954387088546,39.3363079499479],[-74.4950452799242,39.3365230688291]]}},{"type":"Feature","id":137195,"properties":{"OBJECTID":137195,"PRIMENAME":"Fremont Avenue","ELEVTYP_F":0,"ELEVTYP_T":0},"geometry":{"type":"LineString","coordinates":[[-74.5028217234033,39.3355698928242],[-74.5029452926006,39.335498475066]]}},{"type":"Feature","id":139855,"properties":{"OBJECTID":139855,"PRIMENAME":"North 35th Avenue","ELEVTYP_F":0,"ELEVTYP_T":0},"geometry":{"type":"LineString","coordinates":[[-74.519258661367,39.3192983972384],[-74.520161985526,39.3202517138232],[-74.5204005228799,39.3204991957405]]}},{"type":"Feature","id":140009,"properties":{"OBJECTID":140009,"PRIMENAME":"North Sumner Avenue","ELEVTYP_F":0,"ELEVTYP_T":0},"geometry":{"type":"LineString","coordinates":[[-74.5125045748154,39.3284591621707],[-74.5115562034212,39.3274640302223]]}},{"type":"Feature","id":140363,"properties":{"OBJECTID":140363,"PRIMENAME":"North 35th Avenue","ELEVTYP_F":0,"ELEVTYP_T":0},"geometry":{"type":"LineString","coordinates":[[-74.5204005228799,39.3204991957405],[-74.5212860151931,39.3214177188266],[-74.5215612320848,39.3217097549521]]}},{"type":"Feature","id":141461,"properties":{"OBJECTID":141461,"PRIMENAME":"North Huntington Avenue","ELEVTYP_F":0,"ELEVTYP_T":0},"geometry":{"type":"LineString","coordinates":[[-74.5100119663854,39.3384039215305],[-74.5104542254563,39.3388656790384]]}},{"type":"Feature","id":141943,"properties":{"OBJECTID":141943,"PRIMENAME":"Amherst Avenue","ELEVTYP_F":0,"ELEVTYP_T":0},"geometry":{"type":"LineString","coordinates":[[-74.5100976457523,39.3298476708645],[-74.5106851762393,39.3295066862657]]}},{"type":"Feature","id":147984,"properties":{"OBJECTID":147984,"PRIMENAME":"South Iroquois Avenue","ELEVTYP_F":0,"ELEVTYP_T":0},"geometry":{"type":"LineString","coordinates":[[-74.5008125436942,39.3268325165918],[-74.5010881555756,39.327173501581]]}},{"type":"Feature","id":148711,"properties":{"OBJECTID":148711,"PRIMENAME":"Atlantic Avenue","ELEVTYP_F":0,"ELEVTYP_T":0},"geometry":{"type":"LineString","coordinates":[[-74.501605994223,39.3269225943228],[-74.5010881555756,39.327173501581]]}},{"type":"Feature","id":149239,"properties":{"OBJECTID":149239,"PRIMENAME":"Winchester Road","ELEVTYP_F":0,"ELEVTYP_T":0},"geometry":{"type":"LineString","coordinates":[[-74.4993651086399,39.3309539875247],[-74.49916885404,39.3311026656802]]}},{"type":"Feature","id":150517,"properties":{"OBJECTID":150517,"PRIMENAME":"Winchester Avenue","ELEVTYP_F":0,"ELEVTYP_T":0},"geometry":{"type":"LineString","coordinates":[[-74.5049417059098,39.3293988921995],[-74.5043309930568,39.3297543184637]]}},{"type":"Feature","id":154773,"properties":{"OBJECTID":154773,"PRIMENAME":"South Ventnor Avenue","ELEVTYP_F":0,"ELEVTYP_T":0},"geometry":{"type":"LineString","coordinates":[[-74.5109132520303,39.3238848388153],[-74.510632834655,39.3240233849453],[-74.5102793856991,39.3241961480327]]}},{"type":"Feature","id":159782,"properties":{"OBJECTID":159782,"PRIMENAME":"South Jerome Avenue","ELEVTYP_F":0,"ELEVTYP_T":0},"geometry":{"type":"LineString","coordinates":[[-74.5021343998764,39.3266661382393],[-74.5021016665795,39.3266273119117],[-74.5019270861279,39.3264202383051],[-74.5018628145642,39.3263386372295]]}},{"type":"Feature","id":160027,"properties":{"OBJECTID":160027,"PRIMENAME":"North 33rd Avenue","ELEVTYP_F":0,"ELEVTYP_T":0},"geometry":{"type":"LineString","coordinates":[[-74.5217677977216,39.3197132960788],[-74.5222625281555,39.3202330165347],[-74.5229230040604,39.3209239798284]]}},{"type":"Feature","id":160742,"properties":{"OBJECTID":160742,"PRIMENAME":"Pacific Avenue","ELEVTYP_F":0,"ELEVTYP_T":0},"geometry":{"type":"LineString","coordinates":[[-74.5172518215964,39.3185561242396],[-74.5170051833831,39.3186942286236]]}},{"type":"Feature","id":160800,"properties":{"OBJECTID":160800,"PRIMENAME":"Wellington Avenue","ELEVTYP_F":0,"ELEVTYP_T":0},"geometry":{"type":"LineString","coordinates":[[-74.5042001025567,39.3378487143906],[-74.5036592839335,39.3381625651482]]}},{"type":"Feature","id":161249,"properties":{"OBJECTID":161249,"PRIMENAME":"North Benson Avenue","ELEVTYP_F":0,"ELEVTYP_T":0},"geometry":{"type":"LineString","coordinates":[[-74.5138643152844,39.3242627157728],[-74.5140173818201,39.3244222777615],[-74.5142681102595,39.3246849547397]]}},{"type":"Feature","id":161261,"properties":{"OBJECTID":161261,"PRIMENAME":"North Thurlow Avenue","ELEVTYP_F":0,"ELEVTYP_T":0},"geometry":{"type":"LineString","coordinates":[[-74.5152622595399,39.3303780967955],[-74.5155697716132,39.3307014429886],[-74.5161891879983,39.3313497528369]]}},{"type":"Feature","id":161494,"properties":{"OBJECTID":161494,"PRIMENAME":"Fredericksburg Avenue","ELEVTYP_F":0,"ELEVTYP_T":0},"geometry":{"type":"LineString","coordinates":[[-74.5006142769428,39.3417145189263],[-74.5008153084044,39.3419345834898],[-74.5009858495862,39.3421212692544],[-74.5013819912862,39.3425549100317]]}},{"type":"Feature","id":161646,"properties":{"OBJECTID":161646,"PRIMENAME":"Amherst Avenue","ELEVTYP_F":0,"ELEVTYP_T":0},"geometry":{"type":"LineString","coordinates":[[-74.5197284726433,39.3243078606402],[-74.5201253983607,39.3240692189673],[-74.5205676710096,39.3238152756862]]}},{"type":"Feature","id":162460,"properties":{"OBJECTID":162460,"PRIMENAME":"North Vendome Avenue","ELEVTYP_F":0,"ELEVTYP_T":0},"geometry":{"type":"LineString","coordinates":[[-74.5112045932332,39.3241943600954],[-74.511357619276,39.3243569730456],[-74.5121375349906,39.3251691791965],[-74.5121934009686,39.3252264210588]]}},{"type":"Feature","id":162514,"properties":{"OBJECTID":162514,"PRIMENAME":"North Hanover Avenue","ELEVTYP_F":0,"ELEVTYP_T":0},"geometry":{"type":"LineString","coordinates":[[-74.5032799873752,39.3303616440607],[-74.5024363344867,39.3294733798278],[-74.5020304000811,39.3290468510604]]}},{"type":"Feature","id":162611,"properties":{"OBJECTID":162611,"PRIMENAME":"South Franklin Avenue","ELEVTYP_F":0,"ELEVTYP_T":0},"geometry":{"type":"LineString","coordinates":[[-74.4983647319949,39.3303727165687],[-74.497279340281,39.3290225042735]]}},{"type":"Feature","id":162782,"properties":{"OBJECTID":162782,"PRIMENAME":"North Monroe Avenue","ELEVTYP_F":0,"ELEVTYP_T":0},"geometry":{"type":"LineString","coordinates":[[-74.517341634368,39.3204334654924],[-74.5179393716939,39.3210603264888],[-74.5184672850909,39.3216153680087]]}},{"type":"Feature","id":162842,"properties":{"OBJECTID":162842,"PRIMENAME":"North Clarendon Avenue","ELEVTYP_F":0,"ELEVTYP_T":0},"geometry":{"type":"LineString","coordinates":[[-74.4971747111514,39.3338732238654],[-74.4965072611626,39.3331767901945],[-74.4964425573843,39.3331114819316],[-74.4964234724371,39.3330922210452],[-74.4963355468351,39.333020665763],[-74.4962559654295,39.3329620977162],[-74.4962140720209,39.3329068251221],[-74.4953564196291,39.3318410284174]]}},{"type":"Feature","id":163281,"properties":{"OBJECTID":163281,"PRIMENAME":"Winchester Avenue","ELEVTYP_F":0,"ELEVTYP_T":0},"geometry":{"type":"LineString","coordinates":[[-74.5043309930568,39.3297543184637],[-74.5038093636701,39.3300578724301]]}},{"type":"Feature","id":163446,"properties":{"OBJECTID":163446,"PRIMENAME":"Winchester Avenue","ELEVTYP_F":0,"ELEVTYP_T":0},"geometry":{"type":"LineString","coordinates":[[-74.5167650041381,39.322593448368],[-74.5159086135399,39.3230852949184]]}},{"type":"Feature","id":163744,"properties":{"OBJECTID":163744,"PRIMENAME":"Atlantic Avenue","ELEVTYP_F":0,"ELEVTYP_T":0},"geometry":{"type":"LineString","coordinates":[[-74.5010881555756,39.327173501581],[-74.5005635257372,39.3274277008376]]}},{"type":"Feature","id":163797,"properties":{"OBJECTID":163797,"PRIMENAME":"Monmouth Avenue","ELEVTYP_F":0,"ELEVTYP_T":0},"geometry":{"type":"LineString","coordinates":[[-74.4932936915461,39.3360851272622],[-74.4933227919454,39.3360677486401],[-74.4935920134245,39.3359232309514]]}},{"type":"Feature","id":163889,"properties":{"OBJECTID":163889,"PRIMENAME":"North Lafayette Avenue","ELEVTYP_F":0,"ELEVTYP_T":0},"geometry":{"type":"LineString","coordinates":[[-74.4936950949397,39.3392934535026],[-74.4947022421563,39.3403498508814]]}},{"type":"Feature","id":164112,"properties":{"OBJECTID":164112,"PRIMENAME":"Amherst Avenue","ELEVTYP_F":0,"ELEVTYP_T":0},"geometry":{"type":"LineString","coordinates":[[-74.50643160359,39.3319607099548],[-74.5066165711502,39.3318543864065]]}},{"type":"Feature","id":164280,"properties":{"OBJECTID":164280,"PRIMENAME":"Monmouth Avenue","ELEVTYP_F":0,"ELEVTYP_T":0},"geometry":{"type":"LineString","coordinates":[[-74.51215042249,39.3271232301992],[-74.5124341692599,39.3269613418204],[-74.5127535105397,39.3267800092653]]}},{"type":"Feature","id":164336,"properties":{"OBJECTID":164336,"PRIMENAME":"North Delavan Avenue","ELEVTYP_F":0,"ELEVTYP_T":0},"geometry":{"type":"LineString","coordinates":[[-74.5002483503268,39.3355188299707],[-74.5001607356299,39.3354492819172],[-74.4997640348876,39.3350206530822],[-74.4990207460896,39.334244471234]]}},{"type":"Feature","id":164542,"properties":{"OBJECTID":164542,"PRIMENAME":"North Nassau Avenue","ELEVTYP_F":0,"ELEVTYP_T":0},"geometry":{"type":"LineString","coordinates":[[-74.5073907556001,39.3279908558837],[-74.5080463837258,39.3286786618423],[-74.5085503743529,39.3292054681888]]}},{"type":"Feature","id":165036,"properties":{"OBJECTID":165036,"PRIMENAME":"North Fredericksburg Avenue","ELEVTYP_F":0,"ELEVTYP_T":0},"geometry":{"type":"LineString","coordinates":[[-74.4948295886064,39.3356674164076],[-74.494638225949,39.3354692576067],[-74.49456069564,39.3353752415071]]}},{"type":"Feature","id":165144,"properties":{"OBJECTID":165144,"PRIMENAME":"Pacific Avenue","ELEVTYP_F":0,"ELEVTYP_T":0},"geometry":{"type":"LineString","coordinates":[[-74.5189723292033,39.3175647316662],[-74.5186394047947,39.3177567088689]]}},{"type":"Feature","id":165289,"properties":{"OBJECTID":165289,"PRIMENAME":"Winchester Avenue","ELEVTYP_F":0,"ELEVTYP_T":0},"geometry":{"type":"LineString","coordinates":[[-74.5115942837598,39.3255730979165],[-74.5110007109135,39.325915268873]]}},{"type":"Feature","id":165553,"properties":{"OBJECTID":165553,"PRIMENAME":"Fremont Avenue","ELEVTYP_F":0,"ELEVTYP_T":0},"geometry":{"type":"LineString","coordinates":[[-74.5092284896069,39.3318825445873],[-74.5098429093449,39.3315287670588]]}},{"type":"Feature","id":165945,"properties":{"OBJECTID":165945,"PRIMENAME":"Salem Road","ELEVTYP_F":0,"ELEVTYP_T":0},"geometry":{"type":"LineString","coordinates":[[-74.5008125436942,39.3268325165918],[-74.5008595965076,39.3267297179611],[-74.5009022652668,39.3266513548488],[-74.500955116351,39.3265809557412],[-74.5010180417952,39.3265125599331],[-74.5010871897886,39.3264502868713],[-74.5011514944869,39.3264088811939],[-74.5011917964658,39.3263883431076]]}},{"type":"Feature","id":166780,"properties":{"OBJECTID":166780,"PRIMENAME":"Ventnor Avenue","ELEVTYP_F":0,"ELEVTYP_T":0},"geometry":{"type":"LineString","coordinates":[[-74.5113687472937,39.3238747457162],[-74.5111409310699,39.324002909627],[-74.5110610091536,39.3240418234633]]}},{"type":"Feature","id":167157,"properties":{"OBJECTID":167157,"PRIMENAME":"Fulton Avenue","ELEVTYP_F":0,"ELEVTYP_T":0},"geometry":{"type":"LineString","coordinates":[[-74.5152622595399,39.3303780967955],[-74.5155322554075,39.3302303122126],[-74.5158745892022,39.3300429308684]]}},{"type":"Feature","id":167243,"properties":{"OBJECTID":167243,"PRIMENAME":"Atlantic Avenue","ELEVTYP_F":0,"ELEVTYP_T":0},"geometry":{"type":"LineString","coordinates":[[-74.5157156494582,39.3187256015386],[-74.5148761642013,39.319232100217]]}},{"type":"Feature","id":167373,"properties":{"OBJECTID":167373,"PRIMENAME":"North Yarmouth Avenue","ELEVTYP_F":0,"ELEVTYP_T":0},"geometry":{"type":"LineString","coordinates":[[-74.5222795555666,39.319417982033],[-74.5215227080869,39.3186220381432],[-74.5211221220606,39.3182019654587]]}},{"type":"Feature","id":167435,"properties":{"OBJECTID":167435,"PRIMENAME":"North Vendome Avenue","ELEVTYP_F":0,"ELEVTYP_T":0},"geometry":{"type":"LineString","coordinates":[[-74.5110610091536,39.3240418234633],[-74.5112045932332,39.3241943600954]]}},{"type":"Feature","id":167624,"properties":{"OBJECTID":167624,"PRIMENAME":"North 32nd Avenue","ELEVTYP_F":0,"ELEVTYP_T":0},"geometry":{"type":"LineString","coordinates":[[-74.5227874560526,39.3191248635685],[-74.5231711905971,39.3195287065108],[-74.5239469821119,39.3203386388428]]}},{"type":"Feature","id":167969,"properties":{"OBJECTID":167969,"PRIMENAME":"Fremont Avenue","ELEVTYP_F":0,"ELEVTYP_T":0},"geometry":{"type":"LineString","coordinates":[[-74.5012075254586,39.3365021636218],[-74.5014500023523,39.3363624879321],[-74.5017596568466,39.336183574907]]}},{"type":"Feature","id":168173,"properties":{"OBJECTID":168173,"PRIMENAME":"Winchester Avenue","ELEVTYP_F":0,"ELEVTYP_T":0},"geometry":{"type":"LineString","coordinates":[[-74.4971747111514,39.3338732238654],[-74.4970321879419,39.3339580076166],[-74.4966854079282,39.3341507174589]]}},{"type":"Feature","id":168219,"properties":{"OBJECTID":168219,"PRIMENAME":"North Martindale Avenue","ELEVTYP_F":0,"ELEVTYP_T":0},"geometry":{"type":"LineString","coordinates":[[-74.4940513936677,39.3356580216051],[-74.4934060313673,39.3348475158767],[-74.4932496676249,39.3346547598221]]}},{"type":"Feature","id":168343,"properties":{"OBJECTID":168343,"PRIMENAME":"Winchester Avenue","ELEVTYP_F":0,"ELEVTYP_T":0},"geometry":{"type":"LineString","coordinates":[[-74.5067926510829,39.3283361070343],[-74.5061802594271,39.3286857770491]]}},{"type":"Feature","id":168346,"properties":{"OBJECTID":168346,"PRIMENAME":"Amherst Avenue","ELEVTYP_F":0,"ELEVTYP_T":0},"geometry":{"type":"LineString","coordinates":[[-74.5113007339702,39.3291555924279],[-74.5114599515547,39.329066039499],[-74.5119055740853,39.3288049900574]]}},{"type":"Feature","id":168929,"properties":{"OBJECTID":168929,"PRIMENAME":"North Delavan Avenue","ELEVTYP_F":0,"ELEVTYP_T":0},"geometry":{"type":"LineString","coordinates":[[-74.5054780704021,39.3408968914627],[-74.5044473455253,39.3398259275986],[-74.5040996041556,39.339457661943]]}},{"type":"Feature","id":169027,"properties":{"OBJECTID":169027,"PRIMENAME":"North Washington Avenue","ELEVTYP_F":0,"ELEVTYP_T":0},"geometry":{"type":"LineString","coordinates":[[-74.4940666685759,39.3360968329464],[-74.4941645269107,39.336191843981],[-74.4946757783977,39.3367251022544]]}},{"type":"Feature","id":169100,"properties":{"OBJECTID":169100,"PRIMENAME":"Atlantic Avenue","ELEVTYP_F":0,"ELEVTYP_T":0},"geometry":{"type":"LineString","coordinates":[[-74.5176156158704,39.3175781508643],[-74.5170750521684,39.3179040080211]]}},{"type":"Feature","id":169409,"properties":{"OBJECTID":169409,"PRIMENAME":"North Colgate Avenue","ELEVTYP_F":0,"ELEVTYP_T":0},"geometry":{"type":"LineString","coordinates":[[-74.5224419160671,39.3212015806805],[-74.5226221889654,39.32139179446],[-74.5233938920414,39.3221930543554]]}},{"type":"Feature","id":169435,"properties":{"OBJECTID":169435,"PRIMENAME":"North Harding Avenue","ELEVTYP_F":0,"ELEVTYP_T":0},"geometry":{"type":"LineString","coordinates":[[-74.5143974837153,39.3258353004229],[-74.5153506119896,39.3268279649633]]}},{"type":"Feature","id":169680,"properties":{"OBJECTID":169680,"PRIMENAME":"Winchester Avenue","ELEVTYP_F":0,"ELEVTYP_T":0},"geometry":{"type":"LineString","coordinates":[[-74.5027577467173,39.3306596469867],[-74.5026475848883,39.3307224984579],[-74.502233769917,39.3309593222016]]}},{"type":"Feature","id":169719,"properties":{"OBJECTID":169719,"PRIMENAME":"South Barclay Avenue","ELEVTYP_F":0,"ELEVTYP_T":0},"geometry":{"type":"LineString","coordinates":[[-74.4925621787681,39.3301742510439],[-74.4931277740982,39.3308881378886],[-74.4932154072459,39.3309958560878]]}},{"type":"Feature","id":169869,"properties":{"OBJECTID":169869,"PRIMENAME":"Margate Boulevard","ELEVTYP_F":0,"ELEVTYP_T":0},"geometry":{"type":"LineString","coordinates":[[-74.521829013574,39.3408534159006],[-74.5218402675485,39.34086457666],[-74.5222269804147,39.341266663147],[-74.5225735474686,39.3416205977744],[-74.5227705670557,39.3418215982337],[-74.5232411206059,39.3423029327433],[-74.5233050882375,39.3423670217656]]}},{"type":"Feature","id":169941,"properties":{"OBJECTID":169941,"PRIMENAME":"Amherst Avenue","ELEVTYP_F":0,"ELEVTYP_T":0},"geometry":{"type":"LineString","coordinates":[[-74.5125045748154,39.3284591621707],[-74.5131015913862,39.3281159401641]]}},{"type":"Feature","id":170304,"properties":{"OBJECTID":170304,"PRIMENAME":"South Colmar Circle","ELEVTYP_F":0,"ELEVTYP_T":0},"geometry":{"type":"LineString","coordinates":[[-74.5046601579244,39.3337882963381],[-74.5044055319674,39.3338952499708],[-74.504253506418,39.3339730138732],[-74.5041487155125,39.3340465745057],[-74.504011823456,39.3341637103166]]}},{"type":"Feature","id":170388,"properties":{"OBJECTID":170388,"PRIMENAME":"North Thurlow Avenue","ELEVTYP_F":0,"ELEVTYP_T":0},"geometry":{"type":"LineString","coordinates":[[-74.5099463946598,39.3248067909695],[-74.5100137484689,39.3248772397504],[-74.510678956705,39.3255790065718],[-74.5110007109135,39.325915268873]]}},{"type":"Feature","id":170949,"properties":{"OBJECTID":170949,"PRIMENAME":"Winchester Avenue","ELEVTYP_F":0,"ELEVTYP_T":0},"geometry":{"type":"LineString","coordinates":[[-74.4981388819091,39.3333174618442],[-74.4980094433393,39.3333916210081],[-74.4976559500379,39.3335919392169]]}},{"type":"Feature","id":171351,"properties":{"OBJECTID":171351,"PRIMENAME":"North Gilmar Circle","ELEVTYP_F":0,"ELEVTYP_T":0},"geometry":{"type":"LineString","coordinates":[[-74.5067934952114,39.3370564626573],[-74.5070735528658,39.3369581230991],[-74.5072269955414,39.336877664736],[-74.5074590288701,39.3367081314385]]}},{"type":"Feature","id":171599,"properties":{"OBJECTID":171599,"PRIMENAME":"North Martindale Avenue","ELEVTYP_F":0,"ELEVTYP_T":0},"geometry":{"type":"LineString","coordinates":[[-74.4932496676249,39.3346547598221],[-74.4923289362916,39.3335194162505],[-74.4922577048671,39.3334282545802],[-74.4921900402266,39.3333708934418]]}},{"type":"Feature","id":171704,"properties":{"OBJECTID":171704,"PRIMENAME":"South Osborne Avenue","ELEVTYP_F":0,"ELEVTYP_T":0},"geometry":{"type":"LineString","coordinates":[[-74.506608684754,39.3262004388674],[-74.5064637983659,39.3260491046841]]}},{"type":"Feature","id":171908,"properties":{"OBJECTID":171908,"PRIMENAME":"North Wilson Avenue","ELEVTYP_F":0,"ELEVTYP_T":0},"geometry":{"type":"LineString","coordinates":[[-74.5127402318403,39.3249098115387],[-74.5126871243563,39.3248560846159],[-74.5124783592433,39.3246354903392],[-74.5118585318862,39.3239805354354],[-74.5117432871238,39.3238587568894],[-74.5116222966741,39.3237343889566]]}},{"type":"Feature","id":172384,"properties":{"OBJECTID":172384,"PRIMENAME":"South Gilmar Circle","ELEVTYP_F":0,"ELEVTYP_T":0},"geometry":{"type":"LineString","coordinates":[[-74.5065333930239,39.3357883557119],[-74.5062716204641,39.3358945724214],[-74.5061411948588,39.3359660778436],[-74.5058764550975,39.3361299539848]]}},{"type":"Feature","id":173072,"properties":{"OBJECTID":173072,"PRIMENAME":"South Ventnor Avenue","ELEVTYP_F":0,"ELEVTYP_T":0},"geometry":{"type":"LineString","coordinates":[[-74.5064637983659,39.3260491046841],[-74.5063368894537,39.3261091870162],[-74.5060423137411,39.3262521980544],[-74.5058361483019,39.326352289119]]}},{"type":"Feature","id":173254,"properties":{"OBJECTID":173254,"PRIMENAME":"Bayshore Drive","ELEVTYP_F":0,"ELEVTYP_T":0},"geometry":{"type":"LineString","coordinates":[[-74.5026214956657,39.3430629225554],[-74.5028571365931,39.3430205238743],[-74.5030864127847,39.3429773555911],[-74.5032392740966,39.3429368797359],[-74.5034337895209,39.342877540347],[-74.5036839231728,39.3427561464222],[-74.503761394482,39.3427113069062]]}},{"type":"Feature","id":173347,"properties":{"OBJECTID":173347,"PRIMENAME":"South Argyle Avenue","ELEVTYP_F":0,"ELEVTYP_T":0},"geometry":{"type":"LineString","coordinates":[[-74.4920436463439,39.3304414271242],[-74.4926940436839,39.3312485650842]]}},{"type":"Feature","id":173530,"properties":{"OBJECTID":173530,"PRIMENAME":"North Wyoming Avenue","ELEVTYP_F":0,"ELEVTYP_T":0},"geometry":{"type":"LineString","coordinates":[[-74.4908101527423,39.337617735727],[-74.4909584202672,39.337803328363],[-74.4911028587984,39.3379836687711]]}},{"type":"Feature","id":174549,"properties":{"OBJECTID":174549,"PRIMENAME":"Atlantic Avenue","ELEVTYP_F":0,"ELEVTYP_T":0},"geometry":{"type":"LineString","coordinates":[[-74.5026590890582,39.3264111355478],[-74.5023407478075,39.326565943833],[-74.5021343998764,39.3266661382393]]}},{"type":"Feature","id":174810,"properties":{"OBJECTID":174810,"PRIMENAME":"Winchester Avenue","ELEVTYP_F":0,"ELEVTYP_T":0},"geometry":{"type":"LineString","coordinates":[[-74.5104031732885,39.3262622411836],[-74.5098093062806,39.3266077832062]]}},{"type":"Feature","id":174927,"properties":{"OBJECTID":174927,"PRIMENAME":"Seaside Court","ELEVTYP_F":0,"ELEVTYP_T":0},"geometry":{"type":"LineString","coordinates":[[-74.5092001926682,39.3355524307262],[-74.5096361083709,39.3353104459385]]}},{"type":"Feature","id":175003,"properties":{"OBJECTID":175003,"PRIMENAME":"Monmouth Avenue","ELEVTYP_F":0,"ELEVTYP_T":0},"geometry":{"type":"LineString","coordinates":[[-74.5204783681053,39.322338576568],[-74.5207278220354,39.3221913058182]]}},{"type":"Feature","id":175154,"properties":{"OBJECTID":175154,"PRIMENAME":"South Pembroke Avenue","ELEVTYP_F":0,"ELEVTYP_T":0},"geometry":{"type":"LineString","coordinates":[[-74.5070926441798,39.3257417703248],[-74.5072380614591,39.3258943116933]]}},{"type":"Feature","id":175359,"properties":{"OBJECTID":175359,"PRIMENAME":"Massey Avenue","ELEVTYP_F":0,"ELEVTYP_T":0},"geometry":{"type":"LineString","coordinates":[[-74.5167790748504,39.3254093175108],[-74.5176545389309,39.3249083185865]]}},{"type":"Feature","id":175760,"properties":{"OBJECTID":175760,"PRIMENAME":"Fremont Avenue","ELEVTYP_F":0,"ELEVTYP_T":0},"geometry":{"type":"LineString","coordinates":[[-74.5079968397547,39.332591818706],[-74.5085880456931,39.3322513670715]]}},{"type":"Feature","id":175896,"properties":{"OBJECTID":175896,"PRIMENAME":"South Pembroke Avenue","ELEVTYP_F":0,"ELEVTYP_T":0},"geometry":{"type":"LineString","coordinates":[[-74.5050322554452,39.3235914804353],[-74.505935934423,39.32452837764],[-74.5060725092271,39.3246716677735]]}},{"type":"Feature","id":176307,"properties":{"OBJECTID":176307,"PRIMENAME":"North Essex Avenue","ELEVTYP_F":0,"ELEVTYP_T":0},"geometry":{"type":"LineString","coordinates":[[-74.5023154591844,39.3358624017513],[-74.5026382458414,39.336196600267],[-74.5037820417497,39.3373888545886],[-74.5042001025567,39.3378487143906]]}},{"type":"Feature","id":176326,"properties":{"OBJECTID":176326,"PRIMENAME":"Harding Avenue","ELEVTYP_F":0,"ELEVTYP_T":0},"geometry":{"type":"LineString","coordinates":[[-74.5121191373431,39.3234462332031],[-74.5122323857011,39.3235592610749],[-74.5122661269431,39.3235945838994]]}},{"type":"Feature","id":176572,"properties":{"OBJECTID":176572,"PRIMENAME":"Marshall Avenue","ELEVTYP_F":0,"ELEVTYP_T":0},"geometry":{"type":"LineString","coordinates":[[-74.5035782194219,39.339759292024],[-74.5040996041556,39.339457661943]]}},{"type":"Feature","id":178394,"properties":{"OBJECTID":178394,"PRIMENAME":"North Quincy Avenue","ELEVTYP_F":0,"ELEVTYP_T":0},"geometry":{"type":"LineString","coordinates":[[-74.511930528269,39.3298174047929],[-74.512785302148,39.3307160321683],[-74.5134546590662,39.3314183035331]]}},{"type":"Feature","id":178525,"properties":{"OBJECTID":178525,"PRIMENAME":"South Ventnor Avenue","ELEVTYP_F":0,"ELEVTYP_T":0},"geometry":{"type":"LineString","coordinates":[[-74.5102793856991,39.3241961480327],[-74.5100866296299,39.3242903694571],[-74.5097368541087,39.3244596164908],[-74.5096535375417,39.3245004519814]]}},{"type":"Feature","id":178538,"properties":{"OBJECTID":178538,"PRIMENAME":"Monmouth Avenue","ELEVTYP_F":0,"ELEVTYP_T":0},"geometry":{"type":"LineString","coordinates":[[-74.4978361747875,39.335366506928],[-74.4983287358022,39.3350849999815]]}},{"type":"Feature","id":178919,"properties":{"OBJECTID":178919,"PRIMENAME":"South Sumner Avenue","ELEVTYP_F":0,"ELEVTYP_T":0},"geometry":{"type":"LineString","coordinates":[[-74.5090192700408,39.324809200527],[-74.5088807448081,39.324663579991],[-74.5078394220719,39.3235778714993]]}},{"type":"Feature","id":179292,"properties":{"OBJECTID":179292,"PRIMENAME":"North Granville Avenue","ELEVTYP_F":0,"ELEVTYP_T":0},"geometry":{"type":"LineString","coordinates":[[-74.5028531356743,39.332479018998],[-74.5025458171192,39.3321574787653],[-74.50170073787,39.3312643496147]]}},{"type":"Feature","id":179451,"properties":{"OBJECTID":179451,"PRIMENAME":"North Vendome Avenue","ELEVTYP_F":0,"ELEVTYP_T":0},"geometry":{"type":"LineString","coordinates":[[-74.5158745892022,39.3300429308684],[-74.51591364581,39.3300031131428],[-74.5159252015158,39.3299807614567],[-74.5159319841954,39.3299532487565],[-74.5158768721816,39.3296646848976],[-74.5157620359913,39.329002055972],[-74.5157482728052,39.3289557658771],[-74.515697809932,39.3288952028254],[-74.5156198020532,39.3288132545104],[-74.5152471630017,39.3284222350887]]}},{"type":"Feature","id":179895,"properties":{"OBJECTID":179895,"PRIMENAME":"South 36th Avenue","ELEVTYP_F":0,"ELEVTYP_T":0},"geometry":{"type":"LineString","coordinates":[[-74.5170750521684,39.3179040080211],[-74.5167052910959,39.3175164800672]]}},{"type":"Feature","id":180377,"properties":{"OBJECTID":180377,"PRIMENAME":"South Andover Avenue","ELEVTYP_F":0,"ELEVTYP_T":0},"geometry":{"type":"LineString","coordinates":[[-74.4921669133552,39.3315055817422],[-74.4922293983201,39.3315832442151],[-74.4924064450249,39.3318032851484],[-74.4932575833638,39.3328543866202]]}},{"type":"Feature","id":180715,"properties":{"OBJECTID":180715,"PRIMENAME":"Winchester Avenue","ELEVTYP_F":0,"ELEVTYP_T":0},"geometry":{"type":"LineString","coordinates":[[-74.5212895414488,39.319988887381],[-74.5209543493534,39.3201812841128]]}},{"type":"Feature","id":180950,"properties":{"OBJECTID":180950,"PRIMENAME":"North Exeter Avenue","ELEVTYP_F":0,"ELEVTYP_T":0},"geometry":{"type":"LineString","coordinates":[[-74.497978623352,39.3305616959494],[-74.4986087977063,39.3313382124472],[-74.4986711982852,39.3314015287003],[-74.4987383005054,39.3314462017206],[-74.4988150543368,39.3315057841752],[-74.4988773843762,39.33157654104],[-74.4994480055924,39.3321761206846],[-74.4996866508054,39.3324249083836]]}},{"type":"Feature","id":181138,"properties":{"OBJECTID":181138,"PRIMENAME":"Monmouth Avenue","ELEVTYP_F":0,"ELEVTYP_T":0},"geometry":{"type":"LineString","coordinates":[[-74.5073362636336,39.3298993871788],[-74.5076043714734,39.3297457486814],[-74.5079482356085,39.3295498481079]]}},{"type":"Feature","id":181176,"properties":{"OBJECTID":181176,"PRIMENAME":"North Argyle Avenue","ELEVTYP_F":0,"ELEVTYP_T":0},"geometry":{"type":"LineString","coordinates":[[-74.4964642959408,39.3361574227426],[-74.4974057478596,39.3371454271633]]}},{"type":"Feature","id":181194,"properties":{"OBJECTID":181194,"PRIMENAME":"Fremont Avenue","ELEVTYP_F":0,"ELEVTYP_T":0},"geometry":{"type":"LineString","coordinates":[[-74.5160383746507,39.3275237399527],[-74.5158564244776,39.3280427269449],[-74.5158416170627,39.3280663149919],[-74.5158260665448,39.3280864701334],[-74.515800545253,39.328104457465]]}},{"type":"Feature","id":181392,"properties":{"OBJECTID":181392,"PRIMENAME":"South Vendome Avenue","ELEVTYP_F":0,"ELEVTYP_T":0},"geometry":{"type":"LineString","coordinates":[[-74.5109132520303,39.3238848388153],[-74.5110610091536,39.3240418234633]]}},{"type":"Feature","id":181531,"properties":{"OBJECTID":181531,"PRIMENAME":"South Frontenac Avenue","ELEVTYP_F":0,"ELEVTYP_T":0},"geometry":{"type":"LineString","coordinates":[[-74.4979389751786,39.3287014368718],[-74.4983307852967,39.3291819385203],[-74.4990235615094,39.3300524664287]]}},{"type":"Feature","id":181962,"properties":{"OBJECTID":181962,"PRIMENAME":"North Douglass Avenue","ELEVTYP_F":0,"ELEVTYP_T":0},"geometry":{"type":"LineString","coordinates":[[-74.5007755874057,39.3352150174617],[-74.5008239904869,39.3352249567051],[-74.5008830006141,39.3352402223587],[-74.5016641890134,39.3360699594177],[-74.5017596568466,39.336183574907]]}},{"type":"Feature","id":181987,"properties":{"OBJECTID":181987,"PRIMENAME":"North Brunswick Drive","ELEVTYP_F":0,"ELEVTYP_T":0},"geometry":{"type":"LineString","coordinates":[[-74.4997427078473,39.3380774289676],[-74.5000258860089,39.3379176799417],[-74.5000555423043,39.3378831463576],[-74.5000704023419,39.3378658417285],[-74.5000971329515,39.3378070834676],[-74.5002284139172,39.3370662157489]]}},{"type":"Feature","id":182386,"properties":{"OBJECTID":182386,"PRIMENAME":"Fredericksburg Avenue","ELEVTYP_F":0,"ELEVTYP_T":0},"geometry":{"type":"LineString","coordinates":[[-74.5019792092253,39.3431710327444],[-74.5021109196307,39.3431485857872],[-74.5023082379762,39.3431149601173],[-74.5025722732093,39.3430717921523],[-74.5026214956657,39.3430629225554]]}},{"type":"Feature","id":182410,"properties":{"OBJECTID":182410,"PRIMENAME":"Ventnor Gardens Plaza","ELEVTYP_F":0,"ELEVTYP_T":0},"geometry":{"type":"LineString","coordinates":[[-74.4909971693548,39.3383786888144],[-74.4913296974675,39.3382156758907]]}},{"type":"Feature","id":182432,"properties":{"OBJECTID":182432,"PRIMENAME":"East Edgmar Circle","ELEVTYP_F":0,"ELEVTYP_T":0},"geometry":{"type":"LineString","coordinates":[[-74.5066687968946,39.3349019853313],[-74.5066934672744,39.3344376883425]]}},{"type":"Feature","id":182629,"properties":{"OBJECTID":182629,"PRIMENAME":"North Fredericksburg Avenue","ELEVTYP_F":0,"ELEVTYP_T":0},"geometry":{"type":"LineString","coordinates":[[-74.49456069564,39.3353752415071],[-74.4944664087248,39.3352609346346],[-74.4943305766032,39.3350948442011],[-74.4938461426626,39.3345024896027],[-74.4937676242433,39.3344041625135]]}},{"type":"Feature","id":182693,"properties":{"OBJECTID":182693,"PRIMENAME":"Winchester Avenue","ELEVTYP_F":0,"ELEVTYP_T":0},"geometry":{"type":"LineString","coordinates":[[-74.5176125453703,39.322106677416],[-74.5173224339932,39.3222733294986],[-74.5167650041381,39.322593448368]]}},{"type":"Feature","id":182964,"properties":{"OBJECTID":182964,"PRIMENAME":"North Lafayette Avenue","ELEVTYP_F":0,"ELEVTYP_T":0},"geometry":{"type":"LineString","coordinates":[[-74.4947022421563,39.3403498508814],[-74.4947944715063,39.3404464239709],[-74.4952288909451,39.3409013025591],[-74.4953600272121,39.3410386124285]]}},{"type":"Feature","id":183481,"properties":{"OBJECTID":183481,"PRIMENAME":"Amherst Avenue","ELEVTYP_F":0,"ELEVTYP_T":0},"geometry":{"type":"LineString","coordinates":[[-74.5048309703524,39.3328813887089],[-74.505382385311,39.3325641284578]]}},{"type":"Feature","id":183753,"properties":{"OBJECTID":183753,"PRIMENAME":"North Hanover Avenue","ELEVTYP_F":0,"ELEVTYP_T":0},"geometry":{"type":"LineString","coordinates":[[-74.505382385311,39.3325641284578],[-74.5044334572862,39.3315672096434]]}},{"type":"Feature","id":183793,"properties":{"OBJECTID":183793,"PRIMENAME":"South Yarmouth Avenue","ELEVTYP_F":0,"ELEVTYP_T":0},"geometry":{"type":"LineString","coordinates":[[-74.5211221220606,39.3182019654587],[-74.5199668150306,39.3169904129101]]}},{"type":"Feature","id":184118,"properties":{"OBJECTID":184118,"PRIMENAME":"Atlantic Avenue","ELEVTYP_F":0,"ELEVTYP_T":0},"geometry":{"type":"LineString","coordinates":[[-74.513211686399,39.3202561423593],[-74.5125814124305,39.3206484337275],[-74.5123697632186,39.3207773667608]]}},{"type":"Feature","id":184335,"properties":{"OBJECTID":184335,"PRIMENAME":"South Quincy Avenue","ELEVTYP_F":0,"ELEVTYP_T":0},"geometry":{"type":"LineString","coordinates":[[-74.507746547461,39.3254258091858],[-74.5078540462353,39.325539432596],[-74.5078898800106,39.3255773067432]]}},{"type":"Feature","id":184608,"properties":{"OBJECTID":184608,"PRIMENAME":"North Franklin Avenue","ELEVTYP_F":0,"ELEVTYP_T":0},"geometry":{"type":"LineString","coordinates":[[-74.49916885404,39.3311026656802],[-74.49909215645,39.3310101487865],[-74.4987768452282,39.3306298032121]]}},{"type":"Feature","id":185052,"properties":{"OBJECTID":185052,"PRIMENAME":"North Clermont Avenue","ELEVTYP_F":0,"ELEVTYP_T":0},"geometry":{"type":"LineString","coordinates":[[-74.4988139337944,39.3348111567865],[-74.4993198827512,39.3353387664521],[-74.4997639267457,39.3357968579868]]}},{"type":"Feature","id":185242,"properties":{"OBJECTID":185242,"PRIMENAME":"North Pembroke Avenue","ELEVTYP_F":0,"ELEVTYP_T":0},"geometry":{"type":"LineString","coordinates":[[-74.5106851762393,39.3295066862657],[-74.5113196351223,39.3301742405557]]}},{"type":"Feature","id":185589,"properties":{"OBJECTID":185589,"PRIMENAME":"North Jasper Avenue","ELEVTYP_F":0,"ELEVTYP_T":0},"geometry":{"type":"LineString","coordinates":[[-74.5054834472924,39.3309658588153],[-74.5051474479174,39.3306133008702],[-74.5043309930568,39.3297543184637]]}},{"type":"Feature","id":185646,"properties":{"OBJECTID":185646,"PRIMENAME":"North Ventnor Avenue","ELEVTYP_F":0,"ELEVTYP_T":0},"geometry":{"type":"LineString","coordinates":[[-74.5080373855978,39.3257331151328],[-74.5082885464395,39.3256133026255],[-74.508592340763,39.325465507284],[-74.5086821294052,39.3254216246195]]}},{"type":"Feature","id":185893,"properties":{"OBJECTID":185893,"PRIMENAME":"North Jerome Avenue","ELEVTYP_F":0,"ELEVTYP_T":0},"geometry":{"type":"LineString","coordinates":[[-74.5098912442245,39.3345781225204],[-74.5104862773732,39.3351994741777],[-74.5108407858479,39.3355754628848]]}},{"type":"Feature","id":186801,"properties":{"OBJECTID":186801,"PRIMENAME":"Monmouth Avenue","ELEVTYP_F":0,"ELEVTYP_T":0},"geometry":{"type":"LineString","coordinates":[[-74.4964642959408,39.3361574227426],[-74.4966360651822,39.3360597364147],[-74.4968763931868,39.3359203170027]]}},{"type":"Feature","id":187157,"properties":{"OBJECTID":187157,"PRIMENAME":"North Jerome Avenue","ELEVTYP_F":0,"ELEVTYP_T":0},"geometry":{"type":"LineString","coordinates":[[-74.5049417059098,39.3293988921995],[-74.5055263621377,39.3299947348238],[-74.506102685742,39.3306122115459]]}},{"type":"Feature","id":187986,"properties":{"OBJECTID":187986,"PRIMENAME":"East Gilmar Circle","ELEVTYP_F":0,"ELEVTYP_T":0},"geometry":{"type":"LineString","coordinates":[[-74.5058764550975,39.3361299539848],[-74.5055388646189,39.336106137725],[-74.5052511256628,39.3360674097842],[-74.5050631654928,39.3360376273146],[-74.5048022255799,39.3359661408148]]}},{"type":"Feature","id":188129,"properties":{"OBJECTID":188129,"PRIMENAME":"Monmouth Avenue","ELEVTYP_F":0,"ELEVTYP_T":0},"geometry":{"type":"LineString","coordinates":[[-74.5154564582857,39.3252283944948],[-74.5156950506385,39.325092643056],[-74.5162001566766,39.3248022447247]]}},{"type":"Feature","id":188588,"properties":{"OBJECTID":188588,"PRIMENAME":"Edgmar Circle","ELEVTYP_F":0,"ELEVTYP_T":0},"geometry":{"type":"LineString","coordinates":[[-74.5048309703524,39.3328813887089],[-74.5050590547299,39.3329689939785],[-74.5052163543802,39.3330077283364],[-74.5054081962902,39.3330434413527],[-74.5056038191136,39.3330553759868],[-74.5057189370908,39.3330613283685],[-74.5057683749852,39.3330542076965],[-74.5058224920748,39.3330464138615],[-74.5059682931805,39.3329838872861],[-74.5063135223221,39.3327901886655],[-74.5064209611896,39.3327216506624],[-74.5065206906023,39.3326382306441],[-74.5065486290357,39.3325999147543]]}},{"type":"Feature","id":189340,"properties":{"OBJECTID":189340,"PRIMENAME":"North Essex Avenue","ELEVTYP_F":0,"ELEVTYP_T":0},"geometry":{"type":"LineString","coordinates":[[-74.5013629598979,39.3348762223651],[-74.5023154591844,39.3358624017513]]}},{"type":"Feature","id":190749,"properties":{"OBJECTID":190749,"PRIMENAME":"Winchester Avenue","ELEVTYP_F":0,"ELEVTYP_T":0},"geometry":{"type":"LineString","coordinates":[[-74.502233769917,39.3309593222016],[-74.50170073787,39.3312643496147]]}},{"type":"Feature","id":191013,"properties":{"OBJECTID":191013,"PRIMENAME":"South Iroquois Avenue","ELEVTYP_F":0,"ELEVTYP_T":0},"geometry":{"type":"LineString","coordinates":[[-74.5010881555756,39.327173501581],[-74.501665656876,39.327888032719],[-74.5020989936382,39.3284270867111],[-74.5021417012543,39.3284552291828],[-74.5021914087201,39.3284813942187],[-74.5022411506202,39.3284950676365],[-74.5022426364376,39.3284953964052]]}},{"type":"Feature","id":192924,"properties":{"OBJECTID":192924,"PRIMENAME":"North Clermont Avenue","ELEVTYP_F":0,"ELEVTYP_T":0},"geometry":{"type":"LineString","coordinates":[[-74.4985380223122,39.3345234274665],[-74.4988139337944,39.3348111567865]]}},{"type":"Feature","id":193605,"properties":{"OBJECTID":193605,"PRIMENAME":"West Gilmar Circle","ELEVTYP_F":0,"ELEVTYP_T":0},"geometry":{"type":"LineString","coordinates":[[-74.5065333930239,39.3357883557119],[-74.5066292468921,39.3354270997511],[-74.5066532382596,39.3352595299459],[-74.5066687968946,39.3349019853313]]}},{"type":"Feature","id":194069,"properties":{"OBJECTID":194069,"PRIMENAME":"Amherst Avenue","ELEVTYP_F":0,"ELEVTYP_T":0},"geometry":{"type":"LineString","coordinates":[[-74.505382385311,39.3325641284578],[-74.5059086941853,39.3322612807802]]}},{"type":"Feature","id":194278,"properties":{"OBJECTID":194278,"PRIMENAME":"Canterbury Court","ELEVTYP_F":0,"ELEVTYP_T":0},"geometry":{"type":"LineString","coordinates":[[-74.4923839834602,39.3416798127717],[-74.4930532106642,39.341268194976],[-74.4931587666679,39.3411922825384],[-74.4932605037226,39.3411133232347],[-74.493370229184,39.3410314834972],[-74.4934599809565,39.34096454558]]}},{"type":"Feature","id":194693,"properties":{"OBJECTID":194693,"PRIMENAME":"North Frontenac Avenue","ELEVTYP_F":0,"ELEVTYP_T":0},"geometry":{"type":"LineString","coordinates":[[-74.4990235615094,39.3300524664287],[-74.4992466421065,39.3303327204341],[-74.4995630946947,39.3307200289547],[-74.499577484427,39.3307535266869],[-74.4995743282391,39.3307621096337]]}},{"type":"Feature","id":195021,"properties":{"OBJECTID":195021,"PRIMENAME":"North Delavan Avenue","ELEVTYP_F":0,"ELEVTYP_T":0},"geometry":{"type":"LineString","coordinates":[[-74.5040996041556,39.339457661943],[-74.5034640323267,39.3387845230947],[-74.5032052675002,39.3385199842448],[-74.5031538554502,39.3384949169237],[-74.5031183189531,39.3384765223783]]}},{"type":"Feature","id":195038,"properties":{"OBJECTID":195038,"PRIMENAME":"Fulton Avenue","ELEVTYP_F":0,"ELEVTYP_T":0},"geometry":{"type":"LineString","coordinates":[[-74.5104237411709,39.3331225879778],[-74.5103954230085,39.3331295096624],[-74.510272632569,39.3331235625832],[-74.5101191866853,39.3331086936809],[-74.5100309386517,39.3331027433379],[-74.5099273819473,39.3330997597143],[-74.5098429898231,39.3331116828492],[-74.5097700898659,39.33313554885],[-74.509635817115,39.3331891836947],[-74.5095305716556,39.3332478677744]]}},{"type":"Feature","id":196073,"properties":{"OBJECTID":196073,"PRIMENAME":"Wellington Avenue","ELEVTYP_F":0,"ELEVTYP_T":0},"geometry":{"type":"LineString","coordinates":[[-74.5026119642848,39.3387701575666],[-74.5021888391279,39.3390201058766]]}},{"type":"Feature","id":196525,"properties":{"OBJECTID":196525,"PRIMENAME":"North Clermont Avenue","ELEVTYP_F":0,"ELEVTYP_T":0},"geometry":{"type":"LineString","coordinates":[[-74.5045258659415,39.3407440527773],[-74.5049934217308,39.3412255990959]]}},{"type":"Feature","id":196727,"properties":{"OBJECTID":196727,"PRIMENAME":"Pacific Avenue","ELEVTYP_F":0,"ELEVTYP_T":0},"geometry":{"type":"LineString","coordinates":[[-74.5170051833831,39.3186942286236],[-74.5165626816374,39.3189420916288],[-74.5161520598781,39.3191844841718]]}},{"type":"Feature","id":197754,"properties":{"OBJECTID":197754,"PRIMENAME":"Pacific Avenue","ELEVTYP_F":0,"ELEVTYP_T":0},"geometry":{"type":"LineString","coordinates":[[-74.5199668150306,39.3169904129101],[-74.5194513200088,39.3172881884755]]}},{"type":"Feature","id":197916,"properties":{"OBJECTID":197916,"PRIMENAME":"North Delavan Avenue","ELEVTYP_F":0,"ELEVTYP_T":0},"geometry":{"type":"LineString","coordinates":[[-74.5031183189531,39.3384765223783],[-74.5031125916762,39.3384735291299],[-74.5030414127237,39.3384262230131],[-74.5020409218071,39.3373881568075],[-74.5012075254586,39.3365021636218]]}},{"type":"Feature","id":198338,"properties":{"OBJECTID":198338,"PRIMENAME":"Fremont Avenue","ELEVTYP_F":0,"ELEVTYP_T":0},"geometry":{"type":"LineString","coordinates":[[-74.511930528269,39.3298174047929],[-74.5125351582119,39.3294641904537]]}},{"type":"Feature","id":199276,"properties":{"OBJECTID":199276,"PRIMENAME":"North Ventnor Avenue","ELEVTYP_F":0,"ELEVTYP_T":0},"geometry":{"type":"LineString","coordinates":[[-74.5061280432658,39.3266605879284],[-74.5062663354435,39.3265930086356],[-74.5066744930181,39.326395158875],[-74.5067571780843,39.3263555065349]]}},{"type":"Feature","id":199417,"properties":{"OBJECTID":199417,"PRIMENAME":"Atlantic Avenue","ELEVTYP_F":0,"ELEVTYP_T":0},"geometry":{"type":"LineString","coordinates":[[-74.511213318046,39.32149021115],[-74.5109669534779,39.3216436912804],[-74.510397663065,39.3219955210515]]}},{"type":"Feature","id":199458,"properties":{"OBJECTID":199458,"PRIMENAME":"South Gladstone Avenue","ELEVTYP_F":0,"ELEVTYP_T":0},"geometry":{"type":"LineString","coordinates":[[-74.4984651806201,39.3284460685524],[-74.4978086609408,39.3276265247833]]}},{"type":"Feature","id":199584,"properties":{"OBJECTID":199584,"PRIMENAME":"South 35th Avenue","ELEVTYP_F":0,"ELEVTYP_T":0},"geometry":{"type":"LineString","coordinates":[[-74.5172717356878,39.3172193676199],[-74.5176156158704,39.3175781508643]]}},{"type":"Feature","id":200152,"properties":{"OBJECTID":200152,"PRIMENAME":"North Melbourne Avenue","ELEVTYP_F":0,"ELEVTYP_T":0},"geometry":{"type":"LineString","coordinates":[[-74.4920794275936,39.3370002422406],[-74.491988005273,39.3368876081994],[-74.4910518539856,39.3357195804943]]}},{"type":"Feature","id":200284,"properties":{"OBJECTID":200284,"PRIMENAME":"West Drive","ELEVTYP_F":0,"ELEVTYP_T":0},"geometry":{"type":"LineString","coordinates":[[-74.4946156714746,39.3331177958695],[-74.49464002932,39.3331493452974],[-74.4947137064001,39.3331946523971],[-74.4948149601918,39.3332589876717],[-74.4948978300085,39.3333066840214],[-74.4949868160419,39.3333757974246],[-74.4950635316686,39.3334520482883],[-74.4951494746475,39.3335497983082],[-74.4952108472925,39.3336332144065],[-74.4952446080127,39.3336856584676],[-74.4952844842099,39.3337714626035],[-74.4953274700656,39.3338620177413],[-74.495367344264,39.3339811816824],[-74.4953888363091,39.3340503190903],[-74.4954256381918,39.3341122902217],[-74.4954500321467,39.3341345592929]]}},{"type":"Feature","id":200641,"properties":{"OBJECTID":200641,"PRIMENAME":"North 34th Avenue","ELEVTYP_F":0,"ELEVTYP_T":0},"geometry":{"type":"LineString","coordinates":[[-74.5209543493534,39.3201812841128],[-74.5200625449789,39.3192469446683],[-74.5197987656854,39.3189699492603]]}},{"type":"Feature","id":201235,"properties":{"OBJECTID":201235,"PRIMENAME":"North Benson Avenue","ELEVTYP_F":0,"ELEVTYP_T":0},"geometry":{"type":"LineString","coordinates":[[-74.5150224634572,39.3254753160941],[-74.5151902454633,39.3256511009882],[-74.5159735804005,39.3264703377914]]}},{"type":"Feature","id":201754,"properties":{"OBJECTID":201754,"PRIMENAME":"North Clermont Avenue","ELEVTYP_F":0,"ELEVTYP_T":0},"geometry":{"type":"LineString","coordinates":[[-74.4997639267457,39.3357968579868],[-74.5001866195571,39.3362328724947],[-74.5007103701053,39.336788569622]]}},{"type":"Feature","id":201907,"properties":{"OBJECTID":201907,"PRIMENAME":"Wellington Avenue","ELEVTYP_F":0,"ELEVTYP_T":0},"geometry":{"type":"LineString","coordinates":[[-74.5036592839335,39.3381625651482],[-74.5031183189531,39.3384765223783]]}},{"type":"Feature","id":202349,"properties":{"OBJECTID":202349,"PRIMENAME":"Monmouth Avenue","ELEVTYP_F":0,"ELEVTYP_T":0},"geometry":{"type":"LineString","coordinates":[[-74.5150224634572,39.3254753160941],[-74.5154564582857,39.3252283944948]]}},{"type":"Feature","id":203592,"properties":{"OBJECTID":203592,"PRIMENAME":"North Clarendon Avenue","ELEVTYP_F":0,"ELEVTYP_T":0},"geometry":{"type":"LineString","coordinates":[[-74.5002284139172,39.3370662157489],[-74.4992701287666,39.3360782340406]]}},{"type":"Feature","id":203741,"properties":{"OBJECTID":203741,"PRIMENAME":"Unnamed Segment","ELEVTYP_F":0,"ELEVTYP_T":0},"geometry":{"type":"LineString","coordinates":[[-74.4944559734634,39.3358777103425],[-74.4950452799242,39.3365230688291]]}},{"type":"Feature","id":203981,"properties":{"OBJECTID":203981,"PRIMENAME":"Winchester Avenue","ELEVTYP_F":0,"ELEVTYP_T":0},"geometry":{"type":"LineString","coordinates":[[-74.5073907556001,39.3279908558837],[-74.5071519243675,39.3281309276724],[-74.5067926510829,39.3283361070343]]}},{"type":"Feature","id":204342,"properties":{"OBJECTID":204342,"PRIMENAME":"Marshall Avenue","ELEVTYP_F":0,"ELEVTYP_T":0},"geometry":{"type":"LineString","coordinates":[[-74.5046191805903,39.3391570997484],[-74.5056705905061,39.3385488288148]]}},{"type":"Feature","id":204999,"properties":{"OBJECTID":204999,"PRIMENAME":"North Mansfield Avenue","ELEVTYP_F":0,"ELEVTYP_T":0},"geometry":{"type":"LineString","coordinates":[[-74.5054907002028,39.3269620684389],[-74.5053799320723,39.3268456288796]]}},{"type":"Feature","id":205374,"properties":{"OBJECTID":205374,"PRIMENAME":"North Essex Avenue","ELEVTYP_F":0,"ELEVTYP_T":0},"geometry":{"type":"LineString","coordinates":[[-74.498463509395,39.3321016767081],[-74.4982683545309,39.3318968180434],[-74.4981670036195,39.3317743715361],[-74.4978799592593,39.3314275739461],[-74.4974061928456,39.3308417991172]]}},{"type":"Feature","id":205584,"properties":{"OBJECTID":205584,"PRIMENAME":"South Quincy Avenue","ELEVTYP_F":0,"ELEVTYP_T":0},"geometry":{"type":"LineString","coordinates":[[-74.5056010168054,39.3231888809426],[-74.506555151199,39.3241899099148],[-74.5066650331349,39.3243044819707]]}},{"type":"Feature","id":207286,"properties":{"OBJECTID":207286,"PRIMENAME":"Winchester Avenue","ELEVTYP_F":0,"ELEVTYP_T":0},"geometry":{"type":"LineString","coordinates":[[-74.5085828090213,39.3273037469862],[-74.5079863428869,39.3276435137239]]}},{"type":"Feature","id":207870,"properties":{"OBJECTID":207870,"PRIMENAME":"North Huntington Avenue","ELEVTYP_F":0,"ELEVTYP_T":0},"geometry":{"type":"LineString","coordinates":[[-74.5066687968946,39.3349019853313],[-74.506789940836,39.3350298452135],[-74.5082539160195,39.3365602497949],[-74.50856120941,39.3368832025031]]}},{"type":"Feature","id":208512,"properties":{"OBJECTID":208512,"PRIMENAME":"Winchester Avenue","ELEVTYP_F":0,"ELEVTYP_T":0},"geometry":{"type":"LineString","coordinates":[[-74.5204005228799,39.3204991957405],[-74.5198497306096,39.3208153476082]]}},{"type":"Feature","id":209110,"properties":{"OBJECTID":209110,"PRIMENAME":"North Washington Avenue","ELEVTYP_F":0,"ELEVTYP_T":0},"geometry":{"type":"LineString","coordinates":[[-74.4916818437297,39.3336172560528],[-74.4923749362883,39.3344763735456],[-74.4927249187271,39.3349086486663]]}},{"type":"Feature","id":210480,"properties":{"OBJECTID":210480,"PRIMENAME":"Monmouth Avenue","ELEVTYP_F":0,"ELEVTYP_T":0},"geometry":{"type":"LineString","coordinates":[[-74.5022473707583,39.3328291345324],[-74.5025458352335,39.3326565072044],[-74.5028531356743,39.332479018998]]}},{"type":"Feature","id":210863,"properties":{"OBJECTID":210863,"PRIMENAME":"Atlantic Avenue","ELEVTYP_F":0,"ELEVTYP_T":0},"geometry":{"type":"LineString","coordinates":[[-74.49374405062,39.3307381753441],[-74.4933676504656,39.3309220602478],[-74.4932154072459,39.3309958560878]]}},{"type":"Feature","id":210974,"properties":{"OBJECTID":210974,"PRIMENAME":"North 36th Avenue","ELEVTYP_F":0,"ELEVTYP_T":0},"geometry":{"type":"LineString","coordinates":[[-74.5198497306096,39.3208153476082],[-74.5192696221762,39.3202078790364],[-74.5187177392427,39.3196276661697]]}},{"type":"Feature","id":211471,"properties":{"OBJECTID":211471,"PRIMENAME":"Balfour Avenue","ELEVTYP_F":0,"ELEVTYP_T":0},"geometry":{"type":"LineString","coordinates":[[-74.4919426390914,39.3402954375706],[-74.4920838375865,39.3402139002779]]}},{"type":"Feature","id":212090,"properties":{"OBJECTID":212090,"PRIMENAME":"Amherst Avenue","ELEVTYP_F":0,"ELEVTYP_T":0},"geometry":{"type":"LineString","coordinates":[[-74.5225007249979,39.3227067295279],[-74.5230586244951,39.3223855940128]]}},{"type":"Feature","id":212092,"properties":{"OBJECTID":212092,"PRIMENAME":"Winchester Avenue","ELEVTYP_F":0,"ELEVTYP_T":0},"geometry":{"type":"LineString","coordinates":[[-74.4910518539856,39.3357195804943],[-74.490825520191,39.3358294179847],[-74.4904184289656,39.3360267993652]]}},{"type":"Feature","id":213190,"properties":{"OBJECTID":213190,"PRIMENAME":"South Washington Avenue","ELEVTYP_F":0,"ELEVTYP_T":0},"geometry":{"type":"LineString","coordinates":[[-74.5123697632186,39.3207773667608],[-74.5127401510918,39.3211538714052]]}},{"type":"Feature","id":213619,"properties":{"OBJECTID":213619,"PRIMENAME":"North Argyle Avenue","ELEVTYP_F":0,"ELEVTYP_T":0},"geometry":{"type":"LineString","coordinates":[[-74.4952978756133,39.3349559800161],[-74.4964642959408,39.3361574227426]]}},{"type":"Feature","id":213984,"properties":{"OBJECTID":213984,"PRIMENAME":"Bay Crest Court","ELEVTYP_F":0,"ELEVTYP_T":0},"geometry":{"type":"LineString","coordinates":[[-74.5083931351876,39.3393737423168],[-74.5085432225918,39.3392877920391],[-74.5086391076687,39.339225237914],[-74.5087081913608,39.3391686166706],[-74.5087925820008,39.3390851968459],[-74.5088078460303,39.3390668749573],[-74.5088769701786,39.3389839021269]]}},{"type":"Feature","id":214191,"properties":{"OBJECTID":214191,"PRIMENAME":"Atlantic Avenue","ELEVTYP_F":0,"ELEVTYP_T":0},"geometry":{"type":"LineString","coordinates":[[-74.5078394220719,39.3235778714993],[-74.5075223469319,39.3237731657763],[-74.5072636301157,39.3239331462971]]}},{"type":"Feature","id":214255,"properties":{"OBJECTID":214255,"PRIMENAME":"North Brunswick Avenue","ELEVTYP_F":0,"ELEVTYP_T":0},"geometry":{"type":"LineString","coordinates":[[-74.4966854079282,39.3341507174589],[-74.4972474755868,39.3347431143843],[-74.4978361747875,39.335366506928]]}},{"type":"Feature","id":214351,"properties":{"OBJECTID":214351,"PRIMENAME":"North Brunswick Drive","ELEVTYP_F":0,"ELEVTYP_T":0},"geometry":{"type":"LineString","coordinates":[[-74.4981842830361,39.3359109546449],[-74.4991669824643,39.3369396370366]]}},{"type":"Feature","id":214464,"properties":{"OBJECTID":214464,"PRIMENAME":"Winchester Avenue","ELEVTYP_F":0,"ELEVTYP_T":0},"geometry":{"type":"LineString","coordinates":[[-74.5138643152844,39.3242627157728],[-74.513705252396,39.3243543313092],[-74.5132446065145,39.3246194810518]]}},{"type":"Feature","id":214975,"properties":{"OBJECTID":214975,"PRIMENAME":"Winchester Avenue","ELEVTYP_F":0,"ELEVTYP_T":0},"geometry":{"type":"LineString","coordinates":[[-74.5132446065145,39.3246194810518],[-74.5127402318403,39.3249098115387]]}},{"type":"Feature","id":215464,"properties":{"OBJECTID":215464,"PRIMENAME":"Jasper Avenue","ELEVTYP_F":0,"ELEVTYP_T":0},"geometry":{"type":"LineString","coordinates":[[-74.5031457107482,39.328510372246],[-74.5028496038009,39.3282001122927]]}},{"type":"Feature","id":215598,"properties":{"OBJECTID":215598,"PRIMENAME":"North Barclay Avenue","ELEVTYP_F":0,"ELEVTYP_T":0},"geometry":{"type":"LineString","coordinates":[[-74.4962276383082,39.3344070408859],[-74.4962352733026,39.3344499838225],[-74.4962507575281,39.3344779356698],[-74.4970817457761,39.3353445709786]]}},{"type":"Feature","id":216117,"properties":{"OBJECTID":216117,"PRIMENAME":"North Barclay Avenue","ELEVTYP_F":0,"ELEVTYP_T":0},"geometry":{"type":"LineString","coordinates":[[-74.4970817457761,39.3353445709786],[-74.4972889876958,39.3355606982677],[-74.4973918377598,39.3356212154657]]}},{"type":"Feature","id":216525,"properties":{"OBJECTID":216525,"PRIMENAME":"Ventnor Avenue","ELEVTYP_F":0,"ELEVTYP_T":0},"geometry":{"type":"LineString","coordinates":[[-74.5085330317026,39.325265351434],[-74.5083013509261,39.3253773368064],[-74.5078898800106,39.3255773067432]]}},{"type":"Feature","id":216974,"properties":{"OBJECTID":216974,"PRIMENAME":"Fremont Avenue","ELEVTYP_F":0,"ELEVTYP_T":0},"geometry":{"type":"LineString","coordinates":[[-74.5023154591844,39.3358624017513],[-74.5028217234033,39.3355698928242]]}},{"type":"Feature","id":217118,"properties":{"OBJECTID":217118,"PRIMENAME":"North Jefferson Avenue","ELEVTYP_F":0,"ELEVTYP_T":0},"geometry":{"type":"LineString","coordinates":[[-74.5179188281595,39.3238070099387],[-74.518880957398,39.3248017857701]]}},{"type":"Feature","id":217258,"properties":{"OBJECTID":217258,"PRIMENAME":"South Clarendon Avenue","ELEVTYP_F":0,"ELEVTYP_T":0},"geometry":{"type":"LineString","coordinates":[[-74.4942653359342,39.3304845283749],[-74.49408656793,39.3302622561118],[-74.4938939792126,39.3300313061979]]}},{"type":"Feature","id":218463,"properties":{"OBJECTID":218463,"PRIMENAME":"North Belmont Drive","ELEVTYP_F":0,"ELEVTYP_T":0},"geometry":{"type":"LineString","coordinates":[[-74.4985681227427,39.3381638543896],[-74.4987263704893,39.3381803248907],[-74.4993360847608,39.3382529255796],[-74.4994072962686,39.3382494398158],[-74.499411907449,39.3382476481218]]}},{"type":"Feature","id":218682,"properties":{"OBJECTID":218682,"PRIMENAME":"North Haverford Avenue","ELEVTYP_F":0,"ELEVTYP_T":0},"geometry":{"type":"LineString","coordinates":[[-74.5005927434169,39.3292930941262],[-74.5006294043458,39.3293120939121],[-74.5006767793276,39.3293403747161],[-74.5007161278932,39.3293704391631],[-74.5010784026942,39.3297591990527],[-74.5021477497166,39.3308689631461],[-74.502233769917,39.3309593222016]]}},{"type":"Feature","id":218686,"properties":{"OBJECTID":218686,"PRIMENAME":"North Douglass Avenue","ELEVTYP_F":0,"ELEVTYP_T":0},"geometry":{"type":"LineString","coordinates":[[-74.5017596568466,39.336183574907],[-74.5018123402069,39.3362462580999],[-74.5027783019615,39.3372575569365],[-74.5035674904603,39.3380812957392],[-74.5036592839335,39.3381625651482]]}},{"type":"Feature","id":218771,"properties":{"OBJECTID":218771,"PRIMENAME":"North 34th Avenue","ELEVTYP_F":0,"ELEVTYP_T":0},"geometry":{"type":"LineString","coordinates":[[-74.5221107151614,39.3213926890635],[-74.5210354304018,39.3202662209302],[-74.5209543493534,39.3201812841128]]}},{"type":"Feature","id":219268,"properties":{"OBJECTID":219268,"PRIMENAME":"South 31st Avenue","ELEVTYP_F":0,"ELEVTYP_T":0},"geometry":{"type":"LineString","coordinates":[[-74.5226545985642,39.3173186080002],[-74.5224069415754,39.3170590775969],[-74.5222441483875,39.3168896175143]]}},{"type":"Feature","id":219324,"properties":{"OBJECTID":219324,"PRIMENAME":"Ventnor Gardens Plaza","ELEVTYP_F":0,"ELEVTYP_T":0},"geometry":{"type":"LineString","coordinates":[[-74.4925758530417,39.3376120406476],[-74.4927567874105,39.337525178519],[-74.492965302438,39.3374239858389],[-74.493063037312,39.3373632840972],[-74.4931217011824,39.3373025808722],[-74.4931640651974,39.3372443746164],[-74.4931998908837,39.3371659600189],[-74.4932227028708,39.3370925964135],[-74.4932259624079,39.3370217584481],[-74.4932162104176,39.3369585243904],[-74.4931934098165,39.3369028410871],[-74.4931641033711,39.3368522632069],[-74.4931184992977,39.3367839482433],[-74.4930598849113,39.3367004483766],[-74.493017533717,39.3366321605899],[-74.49299473287,39.3365815839555],[-74.4929877292718,39.3365526782348],[-74.4929571639663,39.3364265327912]]}},{"type":"Feature","id":219782,"properties":{"OBJECTID":219782,"PRIMENAME":"Amherst Avenue","ELEVTYP_F":0,"ELEVTYP_T":0},"geometry":{"type":"LineString","coordinates":[[-74.5153506119896,39.3268279649633],[-74.5155242408197,39.3267283559484],[-74.5159735804005,39.3264703377914]]}},{"type":"Feature","id":219952,"properties":{"OBJECTID":219952,"PRIMENAME":"Amherst Avenue","ELEVTYP_F":0,"ELEVTYP_T":0},"geometry":{"type":"LineString","coordinates":[[-74.5012065791167,39.3349664748091],[-74.5013629598979,39.3348762223651]]}},{"type":"Feature","id":220062,"properties":{"OBJECTID":220062,"PRIMENAME":"Exeter Court","ELEVTYP_F":0,"ELEVTYP_T":0},"geometry":{"type":"LineString","coordinates":[[-74.5056705905061,39.3385488288148],[-74.5061397305005,39.3390233145657],[-74.5061780284757,39.3390753155707],[-74.5061780323998,39.3391198778872],[-74.506139742529,39.3391607633102],[-74.5060536487697,39.3392127708526],[-74.505795331379,39.3393762347121],[-74.5056135602832,39.3394765158125]]}},{"type":"Feature","id":220683,"properties":{"OBJECTID":220683,"PRIMENAME":"North Benson Avenue","ELEVTYP_F":0,"ELEVTYP_T":0},"geometry":{"type":"LineString","coordinates":[[-74.5142681102595,39.3246849547397],[-74.5150224634572,39.3254753160941]]}},{"type":"Feature","id":221187,"properties":{"OBJECTID":221187,"PRIMENAME":"Atlantic Avenue","ELEVTYP_F":0,"ELEVTYP_T":0},"geometry":{"type":"LineString","coordinates":[[-74.4921669133552,39.3315055817422],[-74.4917087251623,39.3317275934934],[-74.491645259207,39.3317583130236]]}},{"type":"Feature","id":222051,"properties":{"OBJECTID":222051,"PRIMENAME":"Winchester Avenue","ELEVTYP_F":0,"ELEVTYP_T":0},"geometry":{"type":"LineString","coordinates":[[-74.4962276383082,39.3344070408859],[-74.4960978419868,39.3344799349577],[-74.4957203291053,39.3347072366221]]}},{"type":"Feature","id":222344,"properties":{"OBJECTID":222344,"PRIMENAME":"North Douglass Avenue","ELEVTYP_F":0,"ELEVTYP_T":0},"geometry":{"type":"LineString","coordinates":[[-74.498622588383,39.3330404836063],[-74.4994190707756,39.3338753987908],[-74.4995041364963,39.3339651283414]]}},{"type":"Feature","id":222991,"properties":{"OBJECTID":222991,"PRIMENAME":"North Colgate Avenue","ELEVTYP_F":0,"ELEVTYP_T":0},"geometry":{"type":"LineString","coordinates":[[-74.5212895414488,39.319988887381],[-74.5215311587857,39.3202404858601],[-74.5224419160671,39.3212015806805]]}},{"type":"Feature","id":223978,"properties":{"OBJECTID":223978,"PRIMENAME":"Ventnor Avenue","ELEVTYP_F":0,"ELEVTYP_T":0},"geometry":{"type":"LineString","coordinates":[[-74.5104270345548,39.3243477249918],[-74.5097992755868,39.3246528802568]]}},{"type":"Feature","id":225028,"properties":{"OBJECTID":225028,"PRIMENAME":"South Washington Avenue","ELEVTYP_F":0,"ELEVTYP_T":0},"geometry":{"type":"LineString","coordinates":[[-74.5118645344261,39.3202637282223],[-74.5123697632186,39.3207773667608]]}},{"type":"Feature","id":225786,"properties":{"OBJECTID":225786,"PRIMENAME":"South Thurlow Avenue","ELEVTYP_F":0,"ELEVTYP_T":0},"geometry":{"type":"LineString","coordinates":[[-74.5084257404433,39.3232142461145],[-74.5086237296945,39.323420267915],[-74.5090228221808,39.3238406031481],[-74.5095972228154,39.3244415370169],[-74.5096535375417,39.3245004519814]]}},{"type":"Feature","id":226469,"properties":{"OBJECTID":226469,"PRIMENAME":"South Haverford Avenue","ELEVTYP_F":0,"ELEVTYP_T":0},"geometry":{"type":"LineString","coordinates":[[-74.4995137245875,39.3279383721839],[-74.4997695018427,39.3282562137137],[-74.5002785533099,39.3288931859085],[-74.5005927434169,39.3292930941262]]}},{"type":"Feature","id":226645,"properties":{"OBJECTID":226645,"PRIMENAME":"Fulton Avenue","ELEVTYP_F":0,"ELEVTYP_T":0},"geometry":{"type":"LineString","coordinates":[[-74.5127601858295,39.3316824040659],[-74.512782865777,39.3317066487905],[-74.5128066635401,39.3317288314241],[-74.5128209489916,39.3317399224761],[-74.5128411733706,39.3317449999371],[-74.5128703049445,39.3317440634757],[-74.5128955475611,39.3317384594193],[-74.5129781286223,39.3316921574025],[-74.5134546590662,39.3314183035331]]}},{"type":"Feature","id":226834,"properties":{"OBJECTID":226834,"PRIMENAME":"North Wyoming Avenue","ELEVTYP_F":0,"ELEVTYP_T":0},"geometry":{"type":"LineString","coordinates":[[-74.4919031482493,39.3384105783664],[-74.4920553135507,39.3385645936512],[-74.4930784758985,39.339636602077]]}},{"type":"Feature","id":227019,"properties":{"OBJECTID":227019,"PRIMENAME":"North 31st Street","ELEVTYP_F":0,"ELEVTYP_T":0},"geometry":{"type":"LineString","coordinates":[[-74.5238148363091,39.3185336748019],[-74.523588458051,39.3182972341339],[-74.5226545985642,39.3173186080002]]}},{"type":"Feature","id":227241,"properties":{"OBJECTID":227241,"PRIMENAME":"Amherst Avenue","ELEVTYP_F":0,"ELEVTYP_T":0},"geometry":{"type":"LineString","coordinates":[[-74.5059086941853,39.3322612807802],[-74.5060451929527,39.3321827471066],[-74.50643160359,39.3319607099548]]}},{"type":"Feature","id":227740,"properties":{"OBJECTID":227740,"PRIMENAME":"Ventnor Gardens Plaza","ELEVTYP_F":0,"ELEVTYP_T":0},"geometry":{"type":"LineString","coordinates":[[-74.4913296974675,39.3382156758907],[-74.4918608420222,39.3379552035805],[-74.4919354515812,39.3379193771275]]}},{"type":"Feature","id":227842,"properties":{"OBJECTID":227842,"PRIMENAME":"South Monroe Avenue","ELEVTYP_F":0,"ELEVTYP_T":0},"geometry":{"type":"LineString","coordinates":[[-74.5153205063141,39.3183101482643],[-74.5157156494582,39.3187256015386]]}},{"type":"Feature","id":229016,"properties":{"OBJECTID":229016,"PRIMENAME":"Ventnor Avenue","ELEVTYP_F":0,"ELEVTYP_T":0},"geometry":{"type":"LineString","coordinates":[[-74.506608684754,39.3262004388674],[-74.5063291331696,39.3263359811182],[-74.5060771175816,39.3264579856145],[-74.5059804692132,39.3265047501232]]}},{"type":"Feature","id":229208,"properties":{"OBJECTID":229208,"PRIMENAME":"Pacific Avenue","ELEVTYP_F":0,"ELEVTYP_T":0},"geometry":{"type":"LineString","coordinates":[[-74.5161520598781,39.3191844841718],[-74.5160381112186,39.3192517422433],[-74.5154159480993,39.3196087935722],[-74.515299029287,39.3196767926804]]}},{"type":"Feature","id":229584,"properties":{"OBJECTID":229584,"PRIMENAME":"Amherst Avenue","ELEVTYP_F":0,"ELEVTYP_T":0},"geometry":{"type":"LineString","coordinates":[[-74.5214205371193,39.3233256196861],[-74.5216735978187,39.3231803082467]]}},{"type":"Feature","id":230324,"properties":{"OBJECTID":230324,"PRIMENAME":"Brunswick Drive","ELEVTYP_F":0,"ELEVTYP_T":0},"geometry":{"type":"LineString","coordinates":[[-74.4981842830361,39.3359109546449],[-74.4978645087982,39.3360918902169]]}},{"type":"Feature","id":230349,"properties":{"OBJECTID":230349,"PRIMENAME":"South Coolidge Avenue","ELEVTYP_F":0,"ELEVTYP_T":0},"geometry":{"type":"LineString","coordinates":[[-74.5181890027092,39.3199415005896],[-74.5178165377405,39.3195497203696],[-74.5171241613354,39.318818316617],[-74.5170051833831,39.3186942286236]]}},{"type":"Feature","id":230355,"properties":{"OBJECTID":230355,"PRIMENAME":"North Rosborough Avenue","ELEVTYP_F":0,"ELEVTYP_T":0},"geometry":{"type":"LineString","coordinates":[[-74.4925082443473,39.3399689586206],[-74.4909971693548,39.3383786888144]]}},{"type":"Feature","id":231643,"properties":{"OBJECTID":231643,"PRIMENAME":"Winchester Avenue","ELEVTYP_F":0,"ELEVTYP_T":0},"geometry":{"type":"LineString","coordinates":[[-74.5110007109135,39.325915268873],[-74.5108695310469,39.3259908974119],[-74.5104031732885,39.3262622411836]]}},{"type":"Feature","id":232179,"properties":{"OBJECTID":232179,"PRIMENAME":"Amherst Avenue","ELEVTYP_F":0,"ELEVTYP_T":0},"geometry":{"type":"LineString","coordinates":[[-74.5131015913862,39.3281159401641],[-74.5132283542244,39.328043083248],[-74.5136939370026,39.3277780151182]]}},{"type":"Feature","id":234324,"properties":{"OBJECTID":234324,"PRIMENAME":"North Clermont Avenue","ELEVTYP_F":0,"ELEVTYP_T":0},"geometry":{"type":"LineString","coordinates":[[-74.5035782194219,39.339759292024],[-74.5042489844505,39.3404588415863],[-74.5045258659415,39.3407440527773]]}},{"type":"Feature","id":234604,"properties":{"OBJECTID":234604,"PRIMENAME":"Monmouth Avenue","ELEVTYP_F":0,"ELEVTYP_T":0},"geometry":{"type":"LineString","coordinates":[[-74.5044334572862,39.3315672096434],[-74.504746794677,39.3313865308955],[-74.5049564397653,39.3312668102551]]}},{"type":"Feature","id":234642,"properties":{"OBJECTID":234642,"PRIMENAME":"Atlantic Avenue","ELEVTYP_F":0,"ELEVTYP_T":0},"geometry":{"type":"LineString","coordinates":[[-74.5005635257372,39.3274277008376],[-74.5003274060428,39.3275421151311],[-74.5000387865526,39.3276826670145]]}},{"type":"Feature","id":234685,"properties":{"OBJECTID":234685,"PRIMENAME":"North Melbourne Avenue","ELEVTYP_F":0,"ELEVTYP_T":0},"geometry":{"type":"LineString","coordinates":[[-74.4925758530417,39.3376120406476],[-74.4920794275936,39.3370002422406]]}},{"type":"Feature","id":234900,"properties":{"OBJECTID":234900,"PRIMENAME":"Winchester Avenue","ELEVTYP_F":0,"ELEVTYP_T":0},"geometry":{"type":"LineString","coordinates":[[-74.52330086586,39.3188289960835],[-74.5231426403204,39.3189199100841],[-74.5227874560526,39.3191248635685]]}},{"type":"Feature","id":235661,"properties":{"OBJECTID":235661,"PRIMENAME":"Winchester Avenue","ELEVTYP_F":0,"ELEVTYP_T":0},"geometry":{"type":"LineString","coordinates":[[-74.5184672850909,39.3216153680087],[-74.5179800251646,39.3218956421054],[-74.5176125453703,39.322106677416]]}},{"type":"Feature","id":236614,"properties":{"OBJECTID":236614,"PRIMENAME":"North Argyle Avenue","ELEVTYP_F":0,"ELEVTYP_T":0},"geometry":{"type":"LineString","coordinates":[[-74.498359106046,39.3381421006017],[-74.498583943921,39.3383669473997]]}},{"type":"Feature","id":236745,"properties":{"OBJECTID":236745,"PRIMENAME":"Atlantic Avenue","ELEVTYP_F":0,"ELEVTYP_T":0},"geometry":{"type":"LineString","coordinates":[[-74.5048661926593,39.3253424687392],[-74.504241935562,39.3256436131353]]}},{"type":"Feature","id":236994,"properties":{"OBJECTID":236994,"PRIMENAME":"Winchester Avenue","ELEVTYP_F":0,"ELEVTYP_T":0},"geometry":{"type":"LineString","coordinates":[[-74.5032799873752,39.3303616440607],[-74.5027577467173,39.3306596469867]]}},{"type":"Feature","id":237230,"properties":{"OBJECTID":237230,"PRIMENAME":"North Quincy Avenue","ELEVTYP_F":0,"ELEVTYP_T":0},"geometry":{"type":"LineString","coordinates":[[-74.5103554451482,39.3281610819875],[-74.5108262116415,39.3286570474961],[-74.5113007339702,39.3291555924279]]}},{"type":"Feature","id":237767,"properties":{"OBJECTID":237767,"PRIMENAME":"North Pembroke Avenue","ELEVTYP_F":0,"ELEVTYP_T":0},"geometry":{"type":"LineString","coordinates":[[-74.5097404568177,39.3285161245141],[-74.5105786030657,39.3293945346923],[-74.5106851762393,39.3295066862657]]}},{"type":"Feature","id":238655,"properties":{"OBJECTID":238655,"PRIMENAME":"Fremont Avenue","ELEVTYP_F":0,"ELEVTYP_T":0},"geometry":{"type":"LineString","coordinates":[[-74.5162819701216,39.3268268222794],[-74.5162814777807,39.3268393977238],[-74.516278121813,39.3268521933675],[-74.5160383746507,39.3275237399527]]}},{"type":"Feature","id":238771,"properties":{"OBJECTID":238771,"PRIMENAME":"Bayshore Drive","ELEVTYP_F":0,"ELEVTYP_T":0},"geometry":{"type":"LineString","coordinates":[[-74.506952346431,39.3408743536465],[-74.5074564065847,39.3409810471199],[-74.5082693063663,39.3411509223898],[-74.50844992809,39.3411832810167],[-74.5085854274393,39.3411994974362],[-74.5087035292792,39.3411994886624],[-74.5088633169166,39.341183250263],[-74.509043966148,39.3411562462142],[-74.5092107505086,39.3411077171642],[-74.5093496353958,39.3410483443353],[-74.5096587962561,39.340886488087],[-74.5101277263732,39.3405924130414],[-74.5111511518834,39.3399009033185],[-74.5112496275862,39.3398343643076]]}},{"type":"Feature","id":238805,"properties":{"OBJECTID":238805,"PRIMENAME":"Monmouth Avenue","ELEVTYP_F":0,"ELEVTYP_T":0},"geometry":{"type":"LineString","coordinates":[[-74.5039128041138,39.3318674417392],[-74.5044334572862,39.3315672096434]]}},{"type":"Feature","id":238906,"properties":{"OBJECTID":238906,"PRIMENAME":"North Ventnor Avenue","ELEVTYP_F":0,"ELEVTYP_T":0},"geometry":{"type":"LineString","coordinates":[[-74.5105761688419,39.3245008384154],[-74.5104270345548,39.3243477249918]]}},{"type":"Feature","id":239028,"properties":{"OBJECTID":239028,"PRIMENAME":"North Ventnor Avenue","ELEVTYP_F":0,"ELEVTYP_T":0},"geometry":{"type":"LineString","coordinates":[[-74.5054907002028,39.3269620684389],[-74.5056127323266,39.32690764349],[-74.5059686818349,39.3267384086024],[-74.5061280432658,39.3266605879284]]}},{"type":"Feature","id":239287,"properties":{"OBJECTID":239287,"PRIMENAME":"Atlantic Avenue","ELEVTYP_F":0,"ELEVTYP_T":0},"geometry":{"type":"LineString","coordinates":[[-74.5072636301157,39.3239331462971],[-74.5069041680704,39.3241554317442],[-74.5066650331349,39.3243044819707]]}},{"type":"Feature","id":239960,"properties":{"OBJECTID":239960,"PRIMENAME":"North Union Avenue","ELEVTYP_F":0,"ELEVTYP_T":0},"geometry":{"type":"LineString","coordinates":[[-74.5136939370026,39.3277780151182],[-74.5128488035705,39.3268791181463],[-74.5127535105397,39.3267800092653]]}},{"type":"Feature","id":239997,"properties":{"OBJECTID":239997,"PRIMENAME":"Bayside Court","ELEVTYP_F":0,"ELEVTYP_T":0},"geometry":{"type":"LineString","coordinates":[[-74.5105668117457,39.3379629154466],[-74.5106915513599,39.3379380280981],[-74.5107797617856,39.337893320711],[-74.5112746561974,39.3376043181718],[-74.5113437037726,39.3375625767861],[-74.511370499319,39.337526825399],[-74.5113781988231,39.3374791319917],[-74.5113704843531,39.3374344605173],[-74.5113398222265,39.3373897633553],[-74.511178668741,39.3372140005565],[-74.5109705193668,39.3369963973902]]}},{"type":"Feature","id":240135,"properties":{"OBJECTID":240135,"PRIMENAME":"Winchester Avenue","ELEVTYP_F":0,"ELEVTYP_T":0},"geometry":{"type":"LineString","coordinates":[[-74.5061802594271,39.3286857770491],[-74.5061081426122,39.328726994025],[-74.5055436107722,39.3290509858317]]}},{"type":"Feature","id":241240,"properties":{"OBJECTID":241240,"PRIMENAME":"Circle Drive","ELEVTYP_F":0,"ELEVTYP_T":0},"geometry":{"type":"LineString","coordinates":[[-74.4948285930711,39.3344106390659],[-74.4949345917383,39.334412566061],[-74.4950113145338,39.3344030414664],[-74.4951064599141,39.3343792126752],[-74.4951862615398,39.3343482451251],[-74.4951865619842,39.3343480938009],[-74.4952384135681,39.3343220534081],[-74.4952875249029,39.3342838906311],[-74.4953489073502,39.3342314504264],[-74.4954500321467,39.3341345592929]]}},{"type":"Feature","id":242615,"properties":{"OBJECTID":242615,"PRIMENAME":"Fulton Avenue","ELEVTYP_F":0,"ELEVTYP_T":0},"geometry":{"type":"LineString","coordinates":[[-74.4932654161867,39.3426061779831],[-74.4939780338042,39.3421955726529]]}},{"type":"Feature","id":242804,"properties":{"OBJECTID":242804,"PRIMENAME":"Monmouth Avenue","ELEVTYP_F":0,"ELEVTYP_T":0},"geometry":{"type":"LineString","coordinates":[[-74.4940513936677,39.3356580216051],[-74.4943028988234,39.3355148192457],[-74.49456069564,39.3353752415071]]}},{"type":"Feature","id":242905,"properties":{"OBJECTID":242905,"PRIMENAME":"North Union Avenue","ELEVTYP_F":0,"ELEVTYP_T":0},"geometry":{"type":"LineString","coordinates":[[-74.5158745892022,39.3300429308684],[-74.5155328487065,39.3296825503296],[-74.5147620367693,39.3288810752929],[-74.5146451714104,39.3287708231489]]}},{"type":"Feature","id":243307,"properties":{"OBJECTID":243307,"PRIMENAME":"Winchester Avenue","ELEVTYP_F":0,"ELEVTYP_T":0},"geometry":{"type":"LineString","coordinates":[[-74.5055436107722,39.3290509858317],[-74.505250153897,39.3292193923039],[-74.5049417059098,39.3293988921995]]}},{"type":"Feature","id":243457,"properties":{"OBJECTID":243457,"PRIMENAME":"North Osborne Avenue","ELEVTYP_F":0,"ELEVTYP_T":0},"geometry":{"type":"LineString","coordinates":[[-74.5100976457523,39.3298476708645],[-74.5091442349373,39.3288615262838]]}},{"type":"Feature","id":244969,"properties":{"OBJECTID":244969,"PRIMENAME":"Monmouth Avenue","ELEVTYP_F":0,"ELEVTYP_T":0},"geometry":{"type":"LineString","coordinates":[[-74.5091442349373,39.3288615262838],[-74.5094013396796,39.3287117832099],[-74.5097404568177,39.3285161245141]]}},{"type":"Feature","id":244970,"properties":{"OBJECTID":244970,"PRIMENAME":"Atlantic Avenue","ELEVTYP_F":0,"ELEVTYP_T":0},"geometry":{"type":"LineString","coordinates":[[-74.5095865909127,39.3224972557858],[-74.5093727750292,39.3226294507661],[-74.5089982339571,39.3228602836732]]}},{"type":"Feature","id":245243,"properties":{"OBJECTID":245243,"PRIMENAME":"Oak Grove Avenue","ELEVTYP_F":0,"ELEVTYP_T":0},"geometry":{"type":"LineString","coordinates":[[-74.4970173117461,39.3329369410487],[-74.4974972362753,39.3326597754987]]}},{"type":"Feature","id":245286,"properties":{"OBJECTID":245286,"PRIMENAME":"North Wilson Avenue","ELEVTYP_F":0,"ELEVTYP_T":0},"geometry":{"type":"LineString","coordinates":[[-74.515800545253,39.328104457465],[-74.5148430476842,39.3271191011923]]}},{"type":"Feature","id":245383,"properties":{"OBJECTID":245383,"PRIMENAME":"North Vendome Avenue","ELEVTYP_F":0,"ELEVTYP_T":0},"geometry":{"type":"LineString","coordinates":[[-74.5121934009686,39.3252264210588],[-74.5127109733061,39.3257569421592],[-74.5132707044062,39.326348246706],[-74.5133554607094,39.3264369231421]]}},{"type":"Feature","id":245797,"properties":{"OBJECTID":245797,"PRIMENAME":"Amherst Avenue","ELEVTYP_F":0,"ELEVTYP_T":0},"geometry":{"type":"LineString","coordinates":[[-74.5013629598979,39.3348762223651],[-74.502165677856,39.3344130126979],[-74.5029311211108,39.3339762399899]]}},{"type":"Feature","id":246360,"properties":{"OBJECTID":246360,"PRIMENAME":"North Jasper Avenue","ELEVTYP_F":0,"ELEVTYP_T":0},"geometry":{"type":"LineString","coordinates":[[-74.5043309930568,39.3297543184637],[-74.5038675485139,39.3292667005078],[-74.5031457107482,39.328510372246]]}},{"type":"Feature","id":246680,"properties":{"OBJECTID":246680,"PRIMENAME":"South Andover Avenue","ELEVTYP_F":0,"ELEVTYP_T":0},"geometry":{"type":"LineString","coordinates":[[-74.4915109693125,39.3306903412474],[-74.4921669133552,39.3315055817422]]}},{"type":"Feature","id":246853,"properties":{"OBJECTID":246853,"PRIMENAME":"Bayside Court","ELEVTYP_F":0,"ELEVTYP_T":0},"geometry":{"type":"LineString","coordinates":[[-74.5104613186611,39.3384809672788],[-74.510466146451,39.3384321616937],[-74.5105093256304,39.3382385055095],[-74.5105380507618,39.3381006965223],[-74.5105668117457,39.3379629154466]]}},{"type":"Feature","id":247162,"properties":{"OBJECTID":247162,"PRIMENAME":"North Lancaster Avenue","ELEVTYP_F":0,"ELEVTYP_T":0},"geometry":{"type":"LineString","coordinates":[[-74.5104237411709,39.3331225879778],[-74.5102682624515,39.3329770248686],[-74.5092991383228,39.3319561228622],[-74.5092284896069,39.3318825445873]]}},{"type":"Feature","id":247526,"properties":{"OBJECTID":247526,"PRIMENAME":"North Madison Avenue","ELEVTYP_F":0,"ELEVTYP_T":0},"geometry":{"type":"LineString","coordinates":[[-74.5187801965304,39.3233129786947],[-74.5187075310642,39.3232401747842],[-74.5180339251724,39.3225489989094],[-74.5176125453703,39.322106677416]]}},{"type":"Feature","id":247579,"properties":{"OBJECTID":247579,"PRIMENAME":"Fulton Avenue","ELEVTYP_F":0,"ELEVTYP_T":0},"geometry":{"type":"LineString","coordinates":[[-74.5116249782015,39.3324618073279],[-74.5115845734516,39.3324948144792],[-74.511051641206,39.3328002962927]]}},{"type":"Feature","id":248476,"properties":{"OBJECTID":248476,"PRIMENAME":"Ventnor Avenue","ELEVTYP_F":0,"ELEVTYP_T":0},"geometry":{"type":"LineString","coordinates":[[-74.5058361483019,39.326352289119],[-74.5059804692132,39.3265047501232]]}},{"type":"Feature","id":249911,"properties":{"OBJECTID":249911,"PRIMENAME":"Atlantic Avenue","ELEVTYP_F":0,"ELEVTYP_T":0},"geometry":{"type":"LineString","coordinates":[[-74.4986030591566,39.328379377574],[-74.4984651806201,39.3284460685524]]}},{"type":"Feature","id":250104,"properties":{"OBJECTID":250104,"PRIMENAME":"North Rumson Avenue","ELEVTYP_F":0,"ELEVTYP_T":0},"geometry":{"type":"LineString","coordinates":[[-74.5098093062806,39.3266077832062],[-74.5088120636601,39.3255578009776],[-74.5086821294052,39.3254216246195]]}},{"type":"Feature","id":250624,"properties":{"OBJECTID":250624,"PRIMENAME":"Ventnor Avenue","ELEVTYP_F":0,"ELEVTYP_T":0},"geometry":{"type":"LineString","coordinates":[[-74.5110610091536,39.3240418234633],[-74.5108215942783,39.32415845561],[-74.5105131083737,39.3243058996023],[-74.5104270345548,39.3243477249918]]}},{"type":"Feature","id":251949,"properties":{"OBJECTID":251949,"PRIMENAME":"Winchester Avenue","ELEVTYP_F":0,"ELEVTYP_T":0},"geometry":{"type":"LineString","coordinates":[[-74.5098093062806,39.3266077832062],[-74.5097113880899,39.3266647643576],[-74.5092000897134,39.3269533774422]]}},{"type":"Feature","id":252015,"properties":{"OBJECTID":252015,"PRIMENAME":"North Baltimore Avenue","ELEVTYP_F":0,"ELEVTYP_T":0},"geometry":{"type":"LineString","coordinates":[[-74.4906305770493,39.3341272971364],[-74.4907406219426,39.3342640404555],[-74.4916719420531,39.3354186719097]]}},{"type":"Feature","id":252061,"properties":{"OBJECTID":252061,"PRIMENAME":"South Ventnor Avenue","ELEVTYP_F":0,"ELEVTYP_T":0},"geometry":{"type":"LineString","coordinates":[[-74.5052022008813,39.3266588475907],[-74.5050327284742,39.3267432307724],[-74.5049989682245,39.3267694531474],[-74.5049897434666,39.3267956753637],[-74.5049989726386,39.3268314238059],[-74.5051815822689,39.3270207580915]]}},{"type":"Feature","id":252634,"properties":{"OBJECTID":252634,"PRIMENAME":"Seaside Court","ELEVTYP_F":0,"ELEVTYP_T":0},"geometry":{"type":"LineString","coordinates":[[-74.5086576300689,39.3360265966155],[-74.5087729990465,39.336013573923],[-74.5088420483914,39.3359956938556],[-74.508937965401,39.3359480217857],[-74.5091834672517,39.3358139309988],[-74.5092410233432,39.3357721917539],[-74.5092793794497,39.3357335023656],[-74.5092870469343,39.3356888015869],[-74.5092755500732,39.3356441032372],[-74.5092256522394,39.3355785676163],[-74.5092001926682,39.3355524307262]]}},{"type":"Feature","id":252880,"properties":{"OBJECTID":252880,"PRIMENAME":"South Hanover Avenue","ELEVTYP_F":0,"ELEVTYP_T":0},"geometry":{"type":"LineString","coordinates":[[-74.501696611701,39.3287591839868],[-74.5016671272268,39.3287506726165],[-74.5016360860493,39.3287359294254],[-74.5015922823667,39.3287074291613],[-74.5011840143242,39.3281979720242],[-74.5005635257372,39.3274277008376]]}},{"type":"Feature","id":253262,"properties":{"OBJECTID":253262,"PRIMENAME":"North Wilson Avenue","ELEVTYP_F":0,"ELEVTYP_T":0},"geometry":{"type":"LineString","coordinates":[[-74.5138954744379,39.326124647368],[-74.5129825046609,39.3251548929642],[-74.5127402318403,39.3249098115387]]}},{"type":"Feature","id":253344,"properties":{"OBJECTID":253344,"PRIMENAME":"West Drive","ELEVTYP_F":0,"ELEVTYP_T":0},"geometry":{"type":"LineString","coordinates":[[-74.4948295418038,39.3320961627051],[-74.4948211866017,39.3322555775933],[-74.4947874115737,39.3323938213115],[-74.4947444449916,39.3325320646022],[-74.494649276935,39.3328847982963],[-74.4946185783799,39.3330111261254],[-74.4946021344542,39.3330616457108],[-74.4946001533498,39.3330754289725],[-74.49460100149,39.3330877575509],[-74.4946040757199,39.3330983557689],[-74.4946124192779,39.3331135952239],[-74.4946156714746,39.3331177958695]]}},{"type":"Feature","id":253554,"properties":{"OBJECTID":253554,"PRIMENAME":"Plymouth Road","ELEVTYP_F":0,"ELEVTYP_T":0},"geometry":{"type":"LineString","coordinates":[[-74.5011917964658,39.3263883431076],[-74.50085693592,39.3259806939561]]}},{"type":"Feature","id":253967,"properties":{"OBJECTID":253967,"PRIMENAME":"North Mansfield Avenue","ELEVTYP_F":0,"ELEVTYP_T":0},"geometry":{"type":"LineString","coordinates":[[-74.5098429093449,39.3315287670588],[-74.509707304168,39.3313860849837],[-74.5088955941155,39.3305408356993]]}},{"type":"Feature","id":254672,"properties":{"OBJECTID":254672,"PRIMENAME":"Amherst Avenue","ELEVTYP_F":0,"ELEVTYP_T":0},"geometry":{"type":"LineString","coordinates":[[-74.5076473844548,39.3312607605768],[-74.5082822754708,39.3308940857369]]}},{"type":"Feature","id":255101,"properties":{"OBJECTID":255101,"PRIMENAME":"North Fredericksburg Avenue","ELEVTYP_F":0,"ELEVTYP_T":0},"geometry":{"type":"LineString","coordinates":[[-74.4954387088546,39.3363079499479],[-74.4952669303913,39.33613006127],[-74.4949651453002,39.3358077862042],[-74.4948295886064,39.3356674164076]]}},{"type":"Feature","id":256150,"properties":{"OBJECTID":256150,"PRIMENAME":"Atlantic Avenue","ELEVTYP_F":0,"ELEVTYP_T":0},"geometry":{"type":"LineString","coordinates":[[-74.5170750521684,39.3179040080211],[-74.5168313984545,39.3180509107874],[-74.5167917236282,39.3180749205678]]}},{"type":"Feature","id":256995,"properties":{"OBJECTID":256995,"PRIMENAME":"Monmouth Avenue","ELEVTYP_F":0,"ELEVTYP_T":0},"geometry":{"type":"LineString","coordinates":[[-74.5103554451482,39.3281610819875],[-74.5106230443279,39.3280064483434],[-74.510957947895,39.3278113359588]]}},{"type":"Feature","id":258126,"properties":{"OBJECTID":258126,"PRIMENAME":"Atlantic Avenue","ELEVTYP_F":0,"ELEVTYP_T":0},"geometry":{"type":"LineString","coordinates":[[-74.5031882640693,39.3261537684206],[-74.5026590890582,39.3264111355478]]}},{"type":"Feature","id":258487,"properties":{"OBJECTID":258487,"PRIMENAME":"Oak Grove Avenue","ELEVTYP_F":0,"ELEVTYP_T":0},"geometry":{"type":"LineString","coordinates":[[-74.4974972362753,39.3326597754987],[-74.4979893899949,39.3323754971425]]}},{"type":"Feature","id":258519,"properties":{"OBJECTID":258519,"PRIMENAME":"Amherst Avenue","ELEVTYP_F":0,"ELEVTYP_T":0},"geometry":{"type":"LineString","coordinates":[[-74.5216735978187,39.3231803082467],[-74.5217231202856,39.3231518710815],[-74.5219550489251,39.3230194851657]]}},{"type":"Feature","id":258660,"properties":{"OBJECTID":258660,"PRIMENAME":"Atlantic Avenue","ELEVTYP_F":0,"ELEVTYP_T":0},"geometry":{"type":"LineString","coordinates":[[-74.5089982339571,39.3228602836732],[-74.5086448271741,39.3230780988165],[-74.5084257404433,39.3232142461145]]}},{"type":"Feature","id":260053,"properties":{"OBJECTID":260053,"PRIMENAME":"Amherst Avenue","ELEVTYP_F":0,"ELEVTYP_T":0},"geometry":{"type":"LineString","coordinates":[[-74.5143007326179,39.3274303105229],[-74.514507026865,39.3273118638806],[-74.5148430476842,39.3271191011923]]}},{"type":"Feature","id":260407,"properties":{"OBJECTID":260407,"PRIMENAME":"North Clermont Avenue","ELEVTYP_F":0,"ELEVTYP_T":0},"geometry":{"type":"LineString","coordinates":[[-74.5026119642848,39.3387701575666],[-74.5030931790715,39.3392533589619],[-74.5035782194219,39.339759292024]]}},{"type":"Feature","id":260547,"properties":{"OBJECTID":260547,"PRIMENAME":"North Douglass Avenue","ELEVTYP_F":0,"ELEVTYP_T":0},"geometry":{"type":"LineString","coordinates":[[-74.5046191805903,39.3391570997484],[-74.5053960723194,39.339979947177],[-74.5055666222592,39.3401540707634]]}},{"type":"Feature","id":261597,"properties":{"OBJECTID":261597,"PRIMENAME":"East Drive","ELEVTYP_F":0,"ELEVTYP_T":0},"geometry":{"type":"LineString","coordinates":[[-74.4927320000365,39.3331081665286],[-74.4930226506479,39.33317548051],[-74.4931638219149,39.3332136266409],[-74.4933817130648,39.3332636659276],[-74.4936732509008,39.3333209018293],[-74.4939249434655,39.3333638300044],[-74.4939832089878,39.333382887945],[-74.4940110675285,39.3333993913901]]}},{"type":"Feature","id":262538,"properties":{"OBJECTID":262538,"PRIMENAME":"Amherst Avenue","ELEVTYP_F":0,"ELEVTYP_T":0},"geometry":{"type":"LineString","coordinates":[[-74.5082822754708,39.3308940857369],[-74.5085125579856,39.3307610404739],[-74.5088955941155,39.3305408356993]]}},{"type":"Feature","id":262725,"properties":{"OBJECTID":262725,"PRIMENAME":"South Lancaster Avenue","ELEVTYP_F":0,"ELEVTYP_T":0},"geometry":{"type":"LineString","coordinates":[[-74.5048109273231,39.3272445751459],[-74.5046930878113,39.3271220123925],[-74.5040187261957,39.3262812530536],[-74.503711142097,39.3258996942587]]}},{"type":"Feature","id":263551,"properties":{"OBJECTID":263551,"PRIMENAME":"North Woodcrest Avenue","ELEVTYP_F":0,"ELEVTYP_T":0},"geometry":{"type":"LineString","coordinates":[[-74.522141692401,39.3176149122138],[-74.5222634354282,39.3177428382341],[-74.52330086586,39.3188289960835]]}},{"type":"Feature","id":263693,"properties":{"OBJECTID":263693,"PRIMENAME":"South Rumson Avenue","ELEVTYP_F":0,"ELEVTYP_T":0},"geometry":{"type":"LineString","coordinates":[[-74.5083884608728,39.3251138817741],[-74.5076835418473,39.324375092639],[-74.5072636301157,39.3239331462971]]}},{"type":"Feature","id":264560,"properties":{"OBJECTID":264560,"PRIMENAME":"North Osborne Avenue","ELEVTYP_F":0,"ELEVTYP_T":0},"geometry":{"type":"LineString","coordinates":[[-74.5091442349373,39.3288615262838],[-74.508784926329,39.3284897877837],[-74.5079863428869,39.3276435137239]]}},{"type":"Feature","id":264720,"properties":{"OBJECTID":264720,"PRIMENAME":"Monmouth Avenue","ELEVTYP_F":0,"ELEVTYP_T":0},"geometry":{"type":"LineString","coordinates":[[-74.5207278220354,39.3221913058182],[-74.5207762469952,39.3221627170087],[-74.5210085273928,39.3220286853017]]}},{"type":"Feature","id":265105,"properties":{"OBJECTID":265105,"PRIMENAME":"Monmouth Avenue","ELEVTYP_F":0,"ELEVTYP_T":0},"geometry":{"type":"LineString","coordinates":[[-74.5066985847309,39.3302656724345],[-74.5069340642896,39.3301297743991],[-74.5073362636336,39.3298993871788]]}},{"type":"Feature","id":265216,"properties":{"OBJECTID":265216,"PRIMENAME":"South Madison Avenue","ELEVTYP_F":0,"ELEVTYP_T":0},"geometry":{"type":"LineString","coordinates":[[-74.5164855569815,39.320924711974],[-74.5157070512223,39.3201096515587],[-74.515299029287,39.3196767926804]]}},{"type":"Feature","id":265234,"properties":{"OBJECTID":265234,"PRIMENAME":"North Osborne Avenue","ELEVTYP_F":0,"ELEVTYP_T":0},"geometry":{"type":"LineString","coordinates":[[-74.5067571780843,39.3263555065349],[-74.506608684754,39.3262004388674]]}},{"type":"Feature","id":265464,"properties":{"OBJECTID":265464,"PRIMENAME":"Balfour Avenue","ELEVTYP_F":0,"ELEVTYP_T":0},"geometry":{"type":"LineString","coordinates":[[-74.4925082443473,39.3399689586206],[-74.492572318928,39.3399319780531],[-74.4929324708769,39.3397218192126]]}},{"type":"Feature","id":266269,"properties":{"OBJECTID":266269,"PRIMENAME":"South Washington Avenue","ELEVTYP_F":0,"ELEVTYP_T":0},"geometry":{"type":"LineString","coordinates":[[-74.4905984398539,39.3322655815948],[-74.491109347086,39.3328976238063],[-74.4915661057272,39.3334737850175],[-74.4916818437297,39.3336172560528]]}},{"type":"Feature","id":267062,"properties":{"OBJECTID":267062,"PRIMENAME":"North Jerome Avenue","ELEVTYP_F":0,"ELEVTYP_T":0},"geometry":{"type":"LineString","coordinates":[[-74.5079968397547,39.332591818706],[-74.5083454513809,39.3329596064706],[-74.5088195247476,39.3334494845404],[-74.5089361093397,39.333588187464]]}},{"type":"Feature","id":267484,"properties":{"OBJECTID":267484,"PRIMENAME":"Winchester Avenue","ELEVTYP_F":0,"ELEVTYP_T":0},"geometry":{"type":"LineString","coordinates":[[-74.5092000897134,39.3269533774422],[-74.5089440504318,39.3270979583659],[-74.5085828090213,39.3273037469862]]}},{"type":"Feature","id":268918,"properties":{"OBJECTID":268918,"PRIMENAME":"North Kenyon Avenue","ELEVTYP_F":0,"ELEVTYP_T":0},"geometry":{"type":"LineString","coordinates":[[-74.5095305716556,39.3332478677744],[-74.5091662163,39.3328610299017],[-74.5085880456931,39.3322513670715]]}},{"type":"Feature","id":271990,"properties":{"OBJECTID":271990,"PRIMENAME":"Atlantic Avenue","ELEVTYP_F":0,"ELEVTYP_T":0},"geometry":{"type":"LineString","coordinates":[[-74.4968903027516,39.3292120015914],[-74.4965627436763,39.3293717085977]]}},{"type":"Feature","id":272171,"properties":{"OBJECTID":272171,"PRIMENAME":"Monmouth Avenue","ELEVTYP_F":0,"ELEVTYP_T":0},"geometry":{"type":"LineString","coordinates":[[-74.4929571639663,39.3364265327912],[-74.493014982029,39.336337164776],[-74.4930798002037,39.3362517778414]]}},{"type":"Feature","id":272638,"properties":{"OBJECTID":272638,"PRIMENAME":"Burk Avenue","ELEVTYP_F":0,"ELEVTYP_T":0},"geometry":{"type":"LineString","coordinates":[[-74.5030561891965,39.341589853853],[-74.5035398646293,39.3413088983064],[-74.5038099464503,39.3411520132526],[-74.5038474463117,39.3411302303684],[-74.5040153475158,39.341034655677],[-74.5045258659415,39.3407440527773]]}},{"type":"Feature","id":272972,"properties":{"OBJECTID":272972,"PRIMENAME":"Atlantic Avenue","ELEVTYP_F":0,"ELEVTYP_T":0},"geometry":{"type":"LineString","coordinates":[[-74.5167917236282,39.3180749205678],[-74.516551023379,39.3182205800914]]}},{"type":"Feature","id":273768,"properties":{"OBJECTID":273768,"PRIMENAME":"Monmouth Avenue","ELEVTYP_F":0,"ELEVTYP_T":0},"geometry":{"type":"LineString","coordinates":[[-74.5028531356743,39.332479018998],[-74.5033867726386,39.3321709389001]]}},{"type":"Feature","id":273845,"properties":{"OBJECTID":273845,"PRIMENAME":"South Union Avenue","ELEVTYP_F":0,"ELEVTYP_T":0},"geometry":{"type":"LineString","coordinates":[[-74.5089982339571,39.3228602836732],[-74.5082703857698,39.322098572917]]}},{"type":"Feature","id":274040,"properties":{"OBJECTID":274040,"PRIMENAME":"South Ventnor Avenue","ELEVTYP_F":0,"ELEVTYP_T":0},"geometry":{"type":"LineString","coordinates":[[-74.5083884608728,39.3251138817741],[-74.5082823766163,39.3251652340335],[-74.507746547461,39.3254258091858]]}},{"type":"Feature","id":274390,"properties":{"OBJECTID":274390,"PRIMENAME":"Amherst Avenue","ELEVTYP_F":0,"ELEVTYP_T":0},"geometry":{"type":"LineString","coordinates":[[-74.504333290523,39.3331677563341],[-74.5048309703524,39.3328813887089]]}},{"type":"Feature","id":275852,"properties":{"OBJECTID":275852,"PRIMENAME":"Unnamed Segment","ELEVTYP_F":0,"ELEVTYP_T":0},"geometry":{"type":"LineString","coordinates":[[-74.4940666685759,39.3360968329464],[-74.4944559734634,39.3358777103425]]}},{"type":"Feature","id":276670,"properties":{"OBJECTID":276670,"PRIMENAME":"Jerome Avenue","ELEVTYP_F":0,"ELEVTYP_T":0},"geometry":{"type":"LineString","coordinates":[[-74.5123229253814,39.3371367195495],[-74.512401195493,39.337221290394],[-74.5127316728872,39.3375554311936]]}},{"type":"Feature","id":276692,"properties":{"OBJECTID":276692,"PRIMENAME":"South Sumner Avenue","ELEVTYP_F":0,"ELEVTYP_T":0},"geometry":{"type":"LineString","coordinates":[[-74.5078394220719,39.3235778714993],[-74.5075687455353,39.3232956324262],[-74.5068852416587,39.32257605663]]}},{"type":"Feature","id":276762,"properties":{"OBJECTID":276762,"PRIMENAME":"Winchester Avenue","ELEVTYP_F":0,"ELEVTYP_T":0},"geometry":{"type":"LineString","coordinates":[[-74.5209543493534,39.3201812841128],[-74.5204005228799,39.3204991957405]]}},{"type":"Feature","id":277172,"properties":{"OBJECTID":277172,"PRIMENAME":"North Coolidge Avenue","ELEVTYP_F":0,"ELEVTYP_T":0},"geometry":{"type":"LineString","coordinates":[[-74.5193160401852,39.3211243829766],[-74.5189847207613,39.3207785350401],[-74.5181890027092,39.3199415005896]]}},{"type":"Feature","id":278044,"properties":{"OBJECTID":278044,"PRIMENAME":"North Frontenac Avenue","ELEVTYP_F":0,"ELEVTYP_T":0},"geometry":{"type":"LineString","coordinates":[[-74.5003879898074,39.332020935387],[-74.500205663117,39.3318298362557],[-74.4993651086399,39.3309539875247]]}},{"type":"Feature","id":278382,"properties":{"OBJECTID":278382,"PRIMENAME":"Seaside Court","ELEVTYP_F":0,"ELEVTYP_T":0},"geometry":{"type":"LineString","coordinates":[[-74.50856120941,39.3368832025031],[-74.5082933749541,39.3368244816655]]}},{"type":"Feature","id":278963,"properties":{"OBJECTID":278963,"PRIMENAME":"Monmouth Avenue","ELEVTYP_F":0,"ELEVTYP_T":0},"geometry":{"type":"LineString","coordinates":[[-74.5215612320848,39.3217097549521],[-74.5221107151614,39.3213926890635]]}},{"type":"Feature","id":279131,"properties":{"OBJECTID":279131,"PRIMENAME":"Jerome Avenue","ELEVTYP_F":0,"ELEVTYP_T":0},"geometry":{"type":"LineString","coordinates":[[-74.5035007908269,39.3278827474119],[-74.5038894903194,39.3282851587083]]}},{"type":"Feature","id":279324,"properties":{"OBJECTID":279324,"PRIMENAME":"Amherst Avenue","ELEVTYP_F":0,"ELEVTYP_T":0},"geometry":{"type":"LineString","coordinates":[[-74.5094961103998,39.3301955727767],[-74.5097200604672,39.330066808998],[-74.5100976457523,39.3298476708645]]}},{"type":"Feature","id":279642,"properties":{"OBJECTID":279642,"PRIMENAME":"North Lancaster Avenue","ELEVTYP_F":0,"ELEVTYP_T":0},"geometry":{"type":"LineString","coordinates":[[-74.5073362636336,39.3298993871788],[-74.5069960169155,39.3295444449119],[-74.5062757580926,39.3287856326382],[-74.5061802594271,39.3286857770491]]}},{"type":"Feature","id":281967,"properties":{"OBJECTID":281967,"PRIMENAME":"Winchester Avenue","ELEVTYP_F":0,"ELEVTYP_T":0},"geometry":{"type":"LineString","coordinates":[[-74.5227874560526,39.3191248635685],[-74.5222795555666,39.319417982033]]}},{"type":"Feature","id":282268,"properties":{"OBJECTID":282268,"PRIMENAME":"Bayside Court","ELEVTYP_F":0,"ELEVTYP_T":0},"geometry":{"type":"LineString","coordinates":[[-74.509656955356,39.3370102422042],[-74.5095384380056,39.3370250235155],[-74.5095201968699,39.3370265014422],[-74.509468219199,39.3370307133819],[-74.5094157133205,39.3370320076068],[-74.5092574507825,39.3370171118449],[-74.5088066363158,39.3369612720898],[-74.5087696864735,39.3369542728585],[-74.508721244671,39.3369407679029],[-74.50856120941,39.3368832025031]]}},{"type":"Feature","id":282472,"properties":{"OBJECTID":282472,"PRIMENAME":"South Union Avenue","ELEVTYP_F":0,"ELEVTYP_T":0},"geometry":{"type":"LineString","coordinates":[[-74.5102793856991,39.3241961480327],[-74.5101099229337,39.3240222235517],[-74.5092337345151,39.3231066905038],[-74.5089982339571,39.3228602836732]]}},{"type":"Feature","id":283077,"properties":{"OBJECTID":283077,"PRIMENAME":"South Nassau Avenue","ELEVTYP_F":0,"ELEVTYP_T":0},"geometry":{"type":"LineString","coordinates":[[-74.5036975444574,39.324122354863],[-74.504761720707,39.325233826652],[-74.5048661926593,39.3253424687392]]}},{"type":"Feature","id":283465,"properties":{"OBJECTID":283465,"PRIMENAME":"Ventnor Avenue","ELEVTYP_F":0,"ELEVTYP_T":0},"geometry":{"type":"LineString","coordinates":[[-74.4958783789792,39.3315861663078],[-74.4955641008716,39.3317404624197],[-74.4953564196291,39.3318410284174]]}},{"type":"Feature","id":283830,"properties":{"OBJECTID":283830,"PRIMENAME":"Pacific Avenue","ELEVTYP_F":0,"ELEVTYP_T":0},"geometry":{"type":"LineString","coordinates":[[-74.5194513200088,39.3172881884755],[-74.5190863075245,39.3174990083921],[-74.5189723292033,39.3175647316662]]}},{"type":"Feature","id":284001,"properties":{"OBJECTID":284001,"PRIMENAME":"South Adams Avenue","ELEVTYP_F":0,"ELEVTYP_T":0},"geometry":{"type":"LineString","coordinates":[[-74.5135961159448,39.3206624326986],[-74.513211686399,39.3202561423593]]}},{"type":"Feature","id":285080,"properties":{"OBJECTID":285080,"PRIMENAME":"Monmouth Avenue","ELEVTYP_F":0,"ELEVTYP_T":0},"geometry":{"type":"LineString","coordinates":[[-74.5143974837153,39.3258353004229],[-74.5148251895364,39.3255875306997],[-74.5150224634572,39.3254753160941]]}},{"type":"Feature","id":285560,"properties":{"OBJECTID":285560,"PRIMENAME":"South Jerome Avenue","ELEVTYP_F":0,"ELEVTYP_T":0},"geometry":{"type":"LineString","coordinates":[[-74.5018628145642,39.3263386372295],[-74.5013857955229,39.3257326701522]]}},{"type":"Feature","id":286018,"properties":{"OBJECTID":286018,"PRIMENAME":"South Thurlow Avenue","ELEVTYP_F":0,"ELEVTYP_T":0},"geometry":{"type":"LineString","coordinates":[[-74.5096535375417,39.3245004519814],[-74.5097992755868,39.3246528802568]]}},{"type":"Feature","id":286078,"properties":{"OBJECTID":286078,"PRIMENAME":"Balfour Avenue","ELEVTYP_F":0,"ELEVTYP_T":0},"geometry":{"type":"LineString","coordinates":[[-74.4944499751067,39.3388570057058],[-74.4951500145942,39.3384464815143]]}},{"type":"Feature","id":286267,"properties":{"OBJECTID":286267,"PRIMENAME":"Ventnor Avenue","ELEVTYP_F":0,"ELEVTYP_T":0},"geometry":{"type":"LineString","coordinates":[[-74.5072380614591,39.3258943116933],[-74.5068849484252,39.3260664608523],[-74.506608684754,39.3262004388674]]}},{"type":"Feature","id":286271,"properties":{"OBJECTID":286271,"PRIMENAME":"South Nassau Avenue","ELEVTYP_F":0,"ELEVTYP_T":0},"geometry":{"type":"LineString","coordinates":[[-74.5048661926593,39.3253424687392],[-74.5057755492531,39.3262883180665],[-74.5058361483019,39.326352289119]]}},{"type":"Feature","id":286345,"properties":{"OBJECTID":286345,"PRIMENAME":"Monmouth Avenue","ELEVTYP_F":0,"ELEVTYP_T":0},"geometry":{"type":"LineString","coordinates":[[-74.5133554607094,39.3264369231421],[-74.5137699172332,39.3261969013457],[-74.5138954744379,39.326124647368]]}},{"type":"Feature","id":286755,"properties":{"OBJECTID":286755,"PRIMENAME":"North Adams Avenue","ELEVTYP_F":0,"ELEVTYP_T":0},"geometry":{"type":"LineString","coordinates":[[-74.5180225036037,39.3252916157814],[-74.5176545389309,39.3249083185865]]}},{"type":"Feature","id":286968,"properties":{"OBJECTID":286968,"PRIMENAME":"Monmouth Avenue","ELEVTYP_F":0,"ELEVTYP_T":0},"geometry":{"type":"LineString","coordinates":[[-74.5221107151614,39.3213926890635],[-74.5224419160671,39.3212015806805]]}},{"type":"Feature","id":287067,"properties":{"OBJECTID":287067,"PRIMENAME":"North Essex Avenue","ELEVTYP_F":0,"ELEVTYP_T":0},"geometry":{"type":"LineString","coordinates":[[-74.4991010584711,39.332765865239],[-74.4988054223903,39.3324554348843],[-74.4985273232527,39.3321686719732],[-74.498463509395,39.3321016767081]]}},{"type":"Feature","id":287431,"properties":{"OBJECTID":287431,"PRIMENAME":"Barclay Avenue","ELEVTYP_F":0,"ELEVTYP_T":0},"geometry":{"type":"LineString","coordinates":[[-74.5030561891965,39.341589853853],[-74.5031834199676,39.3417315275387],[-74.5032408488256,39.3418169716265],[-74.5033078250034,39.3419172689114],[-74.5033604456211,39.3420287150273],[-74.5034082955357,39.3421773098636],[-74.5034561777092,39.3422701678047],[-74.5035183463458,39.3423779058142],[-74.5035900980764,39.3424930851048],[-74.503761394482,39.3427113069062]]}},{"type":"Feature","id":287454,"properties":{"OBJECTID":287454,"PRIMENAME":"Monmouth Avenue","ELEVTYP_F":0,"ELEVTYP_T":0},"geometry":{"type":"LineString","coordinates":[[-74.5162001566766,39.3248022447247],[-74.5166456997292,39.3245460638817],[-74.5170701379206,39.3242993844172]]}},{"type":"Feature","id":288025,"properties":{"OBJECTID":288025,"PRIMENAME":"North Gladstone Avenue","ELEVTYP_F":0,"ELEVTYP_T":0},"geometry":{"type":"LineString","coordinates":[[-74.5010871644375,39.3316178094263],[-74.5008194546502,39.331338217829],[-74.5002200497357,39.3307125609015],[-74.5001481381808,39.3306306301567],[-74.500104970666,39.330571048546],[-74.5000570301541,39.3304816760913],[-74.4999994740951,39.3303773951391],[-74.4999611146933,39.330314107522],[-74.4999131745132,39.3302470571836],[-74.4998172584225,39.3301316285253],[-74.4995501964936,39.3297974779153]]}},{"type":"Feature","id":288123,"properties":{"OBJECTID":288123,"PRIMENAME":"Bay Crest","ELEVTYP_F":0,"ELEVTYP_T":0},"geometry":{"type":"LineString","coordinates":[[-74.5083931351876,39.3393737423168],[-74.5079753592413,39.3389452261513],[-74.5079331357008,39.3388945709181],[-74.5079062935291,39.3388558585047],[-74.5079018368746,39.3388376002286],[-74.5079062884892,39.3388111313376],[-74.507916045894,39.3387924874481],[-74.5079331222277,39.3387754077712],[-74.5079777045779,39.338738612817],[-74.5080367128084,39.3386979451556],[-74.5080865634285,39.3386562349593],[-74.5081211043702,39.3386204837883],[-74.508147972033,39.3385787751669],[-74.5081901499557,39.3385370645616],[-74.508228508607,39.3384923626107],[-74.5083052288375,39.3384387335601],[-74.5084011503517,39.3383880694511],[-74.5085661205192,39.3382956925541],[-74.508857132495,39.338132356955]]}},{"type":"Feature","id":288271,"properties":{"OBJECTID":288271,"PRIMENAME":"Amherst Avenue","ELEVTYP_F":0,"ELEVTYP_T":0},"geometry":{"type":"LineString","coordinates":[[-74.5171466123756,39.3257905852643],[-74.5173495381185,39.3256721061226],[-74.5180225036037,39.3252916157814]]}},{"type":"Feature","id":288949,"properties":{"OBJECTID":288949,"PRIMENAME":"North Monroe Avenue","ELEVTYP_F":0,"ELEVTYP_T":0},"geometry":{"type":"LineString","coordinates":[[-74.5184672850909,39.3216153680087],[-74.5192959818724,39.3224865789993],[-74.5196238097326,39.3228291313531]]}},{"type":"Feature","id":289569,"properties":{"OBJECTID":289569,"PRIMENAME":"North Ventnor Avenue","ELEVTYP_F":0,"ELEVTYP_T":0},"geometry":{"type":"LineString","coordinates":[[-74.5073850708382,39.3260484454159],[-74.5075122257041,39.3259875656042],[-74.5079387585646,39.3257801552576],[-74.5080373855978,39.3257331151328]]}},{"type":"Feature","id":290520,"properties":{"OBJECTID":290520,"PRIMENAME":"West Colmar Circle","ELEVTYP_F":0,"ELEVTYP_T":0},"geometry":{"type":"LineString","coordinates":[[-74.505561772355,39.3347297241724],[-74.5051396964784,39.3343543538065],[-74.5049287103389,39.3341368767769],[-74.5046601579244,39.3337882963381]]}},{"type":"Feature","id":291020,"properties":{"OBJECTID":291020,"PRIMENAME":"South Franklin Avenue","ELEVTYP_F":0,"ELEVTYP_T":0},"geometry":{"type":"LineString","coordinates":[[-74.4974181768568,39.3289549085082],[-74.496748089639,39.3281317066253]]}},{"type":"Feature","id":292094,"properties":{"OBJECTID":292094,"PRIMENAME":"North Barclay Avenue","ELEVTYP_F":0,"ELEVTYP_T":0},"geometry":{"type":"LineString","coordinates":[[-74.4973918377598,39.3356212154657],[-74.4974358204661,39.3356471076237],[-74.4978645087982,39.3360918902169]]}},{"type":"Feature","id":292249,"properties":{"OBJECTID":292249,"PRIMENAME":"South Argyle Avenue","ELEVTYP_F":0,"ELEVTYP_T":0},"geometry":{"type":"LineString","coordinates":[[-74.4926940436839,39.3312485650842],[-74.4928401816644,39.3314298990462],[-74.4933444571145,39.3320559461223],[-74.4937832707203,39.3326011259043]]}},{"type":"Feature","id":292296,"properties":{"OBJECTID":292296,"PRIMENAME":"North Iroquois Avenue","ELEVTYP_F":0,"ELEVTYP_T":0},"geometry":{"type":"LineString","coordinates":[[-74.5025568514823,39.328748619713],[-74.5030051299863,39.329220406104],[-74.5035005651781,39.3297298541734],[-74.5038093636701,39.3300578724301]]}},{"type":"Feature","id":293198,"properties":{"OBJECTID":293198,"PRIMENAME":"Monmouth Avenue","ELEVTYP_F":0,"ELEVTYP_T":0},"geometry":{"type":"LineString","coordinates":[[-74.4995041364963,39.3339651283414],[-74.499981831101,39.3336890227539]]}},{"type":"Feature","id":293266,"properties":{"OBJECTID":293266,"PRIMENAME":"Unnamed Segment","ELEVTYP_F":0,"ELEVTYP_T":0},"geometry":{"type":"LineString","coordinates":[[-74.4944559734634,39.3358777103425],[-74.4948295886064,39.3356674164076]]}},{"type":"Feature","id":293485,"properties":{"OBJECTID":293485,"PRIMENAME":"Atlantic Avenue","ELEVTYP_F":0,"ELEVTYP_T":0},"geometry":{"type":"LineString","coordinates":[[-74.5189568791319,39.3167678513102],[-74.5185699943655,39.3170027799342],[-74.5181552214295,39.317252840827]]}},{"type":"Feature","id":293576,"properties":{"OBJECTID":293576,"PRIMENAME":"Marshall Avenue","ELEVTYP_F":0,"ELEVTYP_T":0},"geometry":{"type":"LineString","coordinates":[[-74.50856120941,39.3368832025031],[-74.5087424041916,39.3367792378766],[-74.5092104297918,39.3365080929884],[-74.5099469671062,39.3360819845561],[-74.5105920120379,39.3357164423879],[-74.5108407858479,39.3355754628848]]}},{"type":"Feature","id":293755,"properties":{"OBJECTID":293755,"PRIMENAME":"Bayshore Court","ELEVTYP_F":0,"ELEVTYP_T":0},"geometry":{"type":"LineString","coordinates":[[-74.506952346431,39.3408743536465],[-74.5069366012107,39.3407749607147],[-74.5069079893138,39.3407083247965],[-74.5068262637807,39.340600423966],[-74.5065810230503,39.3403560998428],[-74.5065360412696,39.3402958073759],[-74.5065319716595,39.3402577248432],[-74.5065564720884,39.3402291406754],[-74.5069749249473,39.3399970048073],[-74.5071285861855,39.339911761485]]}},{"type":"Feature","id":294122,"properties":{"OBJECTID":294122,"PRIMENAME":"North Essex Avenue","ELEVTYP_F":0,"ELEVTYP_T":0},"geometry":{"type":"LineString","coordinates":[[-74.5002533303552,39.3339721851801],[-74.499981831101,39.3336890227539]]}},{"type":"Feature","id":294508,"properties":{"OBJECTID":294508,"PRIMENAME":"Monmouth Avenue","ELEVTYP_F":0,"ELEVTYP_T":0},"geometry":{"type":"LineString","coordinates":[[-74.5170701379206,39.3242993844172],[-74.5178149817483,39.3238665517566],[-74.5179188281595,39.3238070099387]]}},{"type":"Feature","id":294641,"properties":{"OBJECTID":294641,"PRIMENAME":"North Lafayette Avenue","ELEVTYP_F":0,"ELEVTYP_T":0},"geometry":{"type":"LineString","coordinates":[[-74.4953600272121,39.3410386124285],[-74.495590653729,39.3412800977313]]}},{"type":"Feature","id":294759,"properties":{"OBJECTID":294759,"PRIMENAME":"North Kenyon Avenue","ELEVTYP_F":0,"ELEVTYP_T":0},"geometry":{"type":"LineString","coordinates":[[-74.5076473844548,39.3312607605768],[-74.5067851042373,39.3303567145277],[-74.5066985847309,39.3302656724345]]}},{"type":"Feature","id":294934,"properties":{"OBJECTID":294934,"PRIMENAME":"South 33rd Avenue","ELEVTYP_F":0,"ELEVTYP_T":0},"geometry":{"type":"LineString","coordinates":[[-74.5189568791319,39.3167678513102],[-74.5194513200088,39.3172881884755]]}},{"type":"Feature","id":295490,"properties":{"OBJECTID":295490,"PRIMENAME":"Seaside Circle","ELEVTYP_F":0,"ELEVTYP_T":0},"geometry":{"type":"LineString","coordinates":[[-74.5104542254563,39.3388656790384],[-74.5104517777276,39.3385773830581],[-74.5104613186611,39.3384809672788]]}},{"type":"Feature","id":295985,"properties":{"OBJECTID":295985,"PRIMENAME":"Monmouth Avenue","ELEVTYP_F":0,"ELEVTYP_T":0},"geometry":{"type":"LineString","coordinates":[[-74.4920794275936,39.3370002422406],[-74.4924333741677,39.3368297310114],[-74.4926513291427,39.3367157992916],[-74.4926917803876,39.3366904592559]]}},{"type":"Feature","id":296028,"properties":{"OBJECTID":296028,"PRIMENAME":"North Quincy Avenue","ELEVTYP_F":0,"ELEVTYP_T":0},"geometry":{"type":"LineString","coordinates":[[-74.5092000897134,39.3269533774422],[-74.5097205170224,39.3274922043566],[-74.5103554451482,39.3281610819875]]}},{"type":"Feature","id":296778,"properties":{"OBJECTID":296778,"PRIMENAME":"North Iroquois Avenue","ELEVTYP_F":0,"ELEVTYP_T":0},"geometry":{"type":"LineString","coordinates":[[-74.5038093636701,39.3300578724301],[-74.5041611935242,39.3304316307681],[-74.5048355528329,39.3311405680347],[-74.5049564397653,39.3312668102551]]}},{"type":"Feature","id":296827,"properties":{"OBJECTID":296827,"PRIMENAME":"Amherst Avenue","ELEVTYP_F":0,"ELEVTYP_T":0},"geometry":{"type":"LineString","coordinates":[[-74.5065486290357,39.3325999147543],[-74.5065858771396,39.3325488274912],[-74.506608883876,39.3324415797769],[-74.506628067188,39.3322955909654],[-74.5066165711502,39.3318543864065]]}},{"type":"Feature","id":297140,"properties":{"OBJECTID":297140,"PRIMENAME":"Circle Drive","ELEVTYP_F":0,"ELEVTYP_T":0},"geometry":{"type":"LineString","coordinates":[[-74.4946156714746,39.3331177958695],[-74.4945019319043,39.3331326720008],[-74.4943883671228,39.3331660264245],[-74.4943241945921,39.3331828000723],[-74.4942812367203,39.3331969380462],[-74.494262569858,39.3332069280548],[-74.4942451720407,39.3332162380086],[-74.4941858066662,39.3332565969263],[-74.4940968115162,39.3333209240714],[-74.4940110675285,39.3333993913901]]}},{"type":"Feature","id":297194,"properties":{"OBJECTID":297194,"PRIMENAME":"North Huntington Avenue","ELEVTYP_F":0,"ELEVTYP_T":0},"geometry":{"type":"LineString","coordinates":[[-74.5047544773281,39.3327454824571],[-74.5048023273162,39.3327919904169],[-74.5048197954076,39.332831335446],[-74.5048309703524,39.3328813887089]]}},{"type":"Feature","id":297878,"properties":{"OBJECTID":297878,"PRIMENAME":"Amherst Avenue","ELEVTYP_F":0,"ELEVTYP_T":0},"geometry":{"type":"LineString","coordinates":[[-74.4997639267457,39.3357968579868],[-74.4999310586327,39.3357016377125],[-74.5002483503268,39.3355188299707]]}},{"type":"Feature","id":298219,"properties":{"OBJECTID":298219,"PRIMENAME":"Monmouth Avenue","ELEVTYP_F":0,"ELEVTYP_T":0},"geometry":{"type":"LineString","coordinates":[[-74.501545115715,39.3332340249068],[-74.5018505479433,39.333058735574],[-74.5022473707583,39.3328291345324]]}},{"type":"Feature","id":298936,"properties":{"OBJECTID":298936,"PRIMENAME":"Unnamed Segment","ELEVTYP_F":0,"ELEVTYP_T":0},"geometry":{"type":"LineString","coordinates":[[-74.4950452799242,39.3365230688291],[-74.4946757783977,39.3367251022544]]}},{"type":"Feature","id":299116,"properties":{"OBJECTID":299116,"PRIMENAME":"Calvert Avenue","ELEVTYP_F":0,"ELEVTYP_T":0},"geometry":{"type":"LineString","coordinates":[[-74.4944570891262,39.3373065508151],[-74.494490044643,39.3372874695513],[-74.4945766119147,39.337237847813],[-74.4949570322198,39.3370197870229]]}},{"type":"Feature","id":299210,"properties":{"OBJECTID":299210,"PRIMENAME":"South Kenyon Avenue","ELEVTYP_F":0,"ELEVTYP_T":0},"geometry":{"type":"LineString","coordinates":[[-74.5022618975025,39.325009469434],[-74.502340912531,39.3251070171425],[-74.5030554747346,39.3259891408386],[-74.5031882640693,39.3261537684206]]}},{"type":"Feature","id":299479,"properties":{"OBJECTID":299479,"PRIMENAME":"Atlantic Avenue","ELEVTYP_F":0,"ELEVTYP_T":0},"geometry":{"type":"LineString","coordinates":[[-74.4953139058248,39.3299782149336],[-74.4950476451966,39.3301071140559],[-74.4947859109099,39.3302334049116]]}},{"type":"Feature","id":299553,"properties":{"OBJECTID":299553,"PRIMENAME":"North Clarendon Avenue","ELEVTYP_F":0,"ELEVTYP_T":0},"geometry":{"type":"LineString","coordinates":[[-74.4983287358022,39.3350849999815],[-74.4973365285898,39.3340420329704],[-74.497209386997,39.3339093977792],[-74.4971747111514,39.3338732238654]]}},{"type":"Feature","id":299855,"properties":{"OBJECTID":299855,"PRIMENAME":"North Thurlow Avenue","ELEVTYP_F":0,"ELEVTYP_T":0},"geometry":{"type":"LineString","coordinates":[[-74.5131015913862,39.3281159401641],[-74.5134270807325,39.3284537328805],[-74.5140577723298,39.3291141338462]]}},{"type":"Feature","id":299874,"properties":{"OBJECTID":299874,"PRIMENAME":"Amherst Avenue","ELEVTYP_F":0,"ELEVTYP_T":0},"geometry":{"type":"LineString","coordinates":[[-74.5032002087837,39.333821925299],[-74.5038035033966,39.333473341735]]}},{"type":"Feature","id":300332,"properties":{"OBJECTID":300332,"PRIMENAME":"North Mansfield Avenue","ELEVTYP_F":0,"ELEVTYP_T":0},"geometry":{"type":"LineString","coordinates":[[-74.5079482356085,39.3295498481079],[-74.5069821996656,39.3285362297997],[-74.5067926510829,39.3283361070343]]}},{"type":"Feature","id":300946,"properties":{"OBJECTID":300946,"PRIMENAME":"Monmouth Avenue","ELEVTYP_F":0,"ELEVTYP_T":0},"geometry":{"type":"LineString","coordinates":[[-74.5229230040604,39.3209239798284],[-74.5233694856203,39.3206628850725],[-74.5234322546661,39.32062764515]]}},{"type":"Feature","id":300969,"properties":{"OBJECTID":300969,"PRIMENAME":"West Gilmar Circle","ELEVTYP_F":0,"ELEVTYP_T":0},"geometry":{"type":"LineString","coordinates":[[-74.5074590288701,39.3367081314385],[-74.506999908826,39.3363054234221],[-74.5065333930239,39.3357883557119]]}},{"type":"Feature","id":301072,"properties":{"OBJECTID":301072,"PRIMENAME":"North Newark Avenue","ELEVTYP_F":0,"ELEVTYP_T":0},"geometry":{"type":"LineString","coordinates":[[-74.4919426390914,39.3402954375706],[-74.4917001758965,39.3400442730295],[-74.4910784699482,39.3393913034692],[-74.4903948020698,39.3386716877762]]}},{"type":"Feature","id":301490,"properties":{"OBJECTID":301490,"PRIMENAME":"Monmouth Avenue","ELEVTYP_F":0,"ELEVTYP_T":0},"geometry":{"type":"LineString","coordinates":[[-74.5002533303552,39.3339721851801],[-74.5005845074515,39.3337849282177],[-74.5008299468598,39.3336443204962]]}},{"type":"Feature","id":301492,"properties":{"OBJECTID":301492,"PRIMENAME":"South Clarendon Avenue","ELEVTYP_F":0,"ELEVTYP_T":0},"geometry":{"type":"LineString","coordinates":[[-74.4953564196291,39.3318410284174],[-74.4952089312262,39.3316577202845],[-74.4942653359342,39.3304845283749]]}},{"type":"Feature","id":301580,"properties":{"OBJECTID":301580,"PRIMENAME":"Lagoon Drive","ELEVTYP_F":0,"ELEVTYP_T":0},"geometry":{"type":"LineString","coordinates":[[-74.5088172475372,39.3398087369187],[-74.5093976190336,39.3394725928039],[-74.5104542254563,39.3388656790384]]}},{"type":"Feature","id":301603,"properties":{"OBJECTID":301603,"PRIMENAME":"South Ventnor Avenue","ELEVTYP_F":0,"ELEVTYP_T":0},"geometry":{"type":"LineString","coordinates":[[-74.5096535375417,39.3245004519814],[-74.5092796515001,39.3246837019043],[-74.5090192700408,39.324809200527]]}},{"type":"Feature","id":302060,"properties":{"OBJECTID":302060,"PRIMENAME":"South Benson Avenue","ELEVTYP_F":0,"ELEVTYP_T":0},"geometry":{"type":"LineString","coordinates":[[-74.5106779328804,39.3209368669705],[-74.511213318046,39.32149021115]]}},{"type":"Feature","id":302175,"properties":{"OBJECTID":302175,"PRIMENAME":"Balfour Avenue","ELEVTYP_F":0,"ELEVTYP_T":0},"geometry":{"type":"LineString","coordinates":[[-74.4920838375865,39.3402139002779],[-74.4925082443473,39.3399689586206]]}},{"type":"Feature","id":302305,"properties":{"OBJECTID":302305,"PRIMENAME":"North Colmar Circle","ELEVTYP_F":0,"ELEVTYP_T":0},"geometry":{"type":"LineString","coordinates":[[-74.5066687968946,39.3349019853313],[-74.5064019555576,39.3348339348416],[-74.5062024723326,39.3348011893604],[-74.5059415734294,39.3347624616837],[-74.505561772355,39.3347297241724]]}},{"type":"Feature","id":302359,"properties":{"OBJECTID":302359,"PRIMENAME":"Atlantic Avenue","ELEVTYP_F":0,"ELEVTYP_T":0},"geometry":{"type":"LineString","coordinates":[[-74.5060725092271,39.3246716677735],[-74.5058101091592,39.324831535332],[-74.5055660904309,39.3249831643629],[-74.5054841140552,39.3250260830895]]}},{"type":"Feature","id":302379,"properties":{"OBJECTID":302379,"PRIMENAME":"North Union Avenue","ELEVTYP_F":0,"ELEVTYP_T":0},"geometry":{"type":"LineString","coordinates":[[-74.5159889265581,39.3301634874172],[-74.5158745892022,39.3300429308684]]}},{"type":"Feature","id":302404,"properties":{"OBJECTID":302404,"PRIMENAME":"Amherst Avenue","ELEVTYP_F":0,"ELEVTYP_T":0},"geometry":{"type":"LineString","coordinates":[[-74.5070399929569,39.3316110669818],[-74.5072147055015,39.331510674057],[-74.5076473844548,39.3312607605768]]}},{"type":"Feature","id":302793,"properties":{"OBJECTID":302793,"PRIMENAME":"North Decatur Avenue","ELEVTYP_F":0,"ELEVTYP_T":0},"geometry":{"type":"LineString","coordinates":[[-74.5142957246461,39.3240142340413],[-74.5140737793246,39.3237821678246],[-74.5131724024581,39.3228345704733]]}},{"type":"Feature","id":302919,"properties":{"OBJECTID":302919,"PRIMENAME":"North Union Avenue","ELEVTYP_F":0,"ELEVTYP_T":0},"geometry":{"type":"LineString","coordinates":[[-74.5127535105397,39.3267800092653],[-74.5116605449923,39.3256430512964],[-74.5115942837598,39.3255730979165]]}},{"type":"Feature","id":302922,"properties":{"OBJECTID":302922,"PRIMENAME":"South Monroe Avenue","ELEVTYP_F":0,"ELEVTYP_T":0},"geometry":{"type":"LineString","coordinates":[[-74.5157156494582,39.3187256015386],[-74.5158580596656,39.3188753456043],[-74.5161520598781,39.3191844841718]]}},{"type":"Feature","id":303228,"properties":{"OBJECTID":303228,"PRIMENAME":"South Fredericksburg Avenue","ELEVTYP_F":0,"ELEVTYP_T":0},"geometry":{"type":"LineString","coordinates":[[-74.491645259207,39.3317583130236],[-74.4914950945235,39.3315728866808],[-74.4909922164683,39.3309511420456]]}},{"type":"Feature","id":303626,"properties":{"OBJECTID":303626,"PRIMENAME":"Wellington Avenue","ELEVTYP_F":0,"ELEVTYP_T":0},"geometry":{"type":"LineString","coordinates":[[-74.5047123494032,39.3375514471362],[-74.5042001025567,39.3378487143906]]}},{"type":"Feature","id":303683,"properties":{"OBJECTID":303683,"PRIMENAME":"North Jerome Avenue","ELEVTYP_F":0,"ELEVTYP_T":0},"geometry":{"type":"LineString","coordinates":[[-74.5089361093397,39.333588187464],[-74.5096328244199,39.3343131581416],[-74.5098912442245,39.3345781225204]]}},{"type":"Feature","id":304185,"properties":{"OBJECTID":304185,"PRIMENAME":"North Union Avenue","ELEVTYP_F":0,"ELEVTYP_T":0},"geometry":{"type":"LineString","coordinates":[[-74.5146451714104,39.3287708231489],[-74.5144638078422,39.3285996514234],[-74.5142206296641,39.3283324988754],[-74.5138535881365,39.327947761962],[-74.5136939370026,39.3277780151182]]}},{"type":"Feature","id":304482,"properties":{"OBJECTID":304482,"PRIMENAME":"North Benson Avenue","ELEVTYP_F":0,"ELEVTYP_T":0},"geometry":{"type":"LineString","coordinates":[[-74.5127379572664,39.3230869750789],[-74.5129999191107,39.3233616524809],[-74.5138643152844,39.3242627157728]]}},{"type":"Feature","id":307802,"properties":{"OBJECTID":307802,"PRIMENAME":"North Lafayette Avenue","ELEVTYP_F":0,"ELEVTYP_T":0},"geometry":{"type":"LineString","coordinates":[[-74.495590653729,39.3412800977313],[-74.4962725628548,39.3419965522046],[-74.4963307619234,39.3420602261835],[-74.4963716710023,39.3420991335571],[-74.4964120516499,39.3421276356147],[-74.4964560731744,39.3421475980666],[-74.4965037738478,39.3421589938854],[-74.4965499690306,39.3421640371104]]}},{"type":"Feature","id":307914,"properties":{"OBJECTID":307914,"PRIMENAME":"North Clermont Avenue","ELEVTYP_F":0,"ELEVTYP_T":0},"geometry":{"type":"LineString","coordinates":[[-74.5007103701053,39.336788569622],[-74.5012345175623,39.3373446489825],[-74.5023428073609,39.3384999058769],[-74.5026119642848,39.3387701575666]]}},{"type":"Feature","id":308095,"properties":{"OBJECTID":308095,"PRIMENAME":"North Gilmar Circle","ELEVTYP_F":0,"ELEVTYP_T":0},"geometry":{"type":"LineString","coordinates":[[-74.5082933749541,39.3368244816655],[-74.5082551130914,39.3368160933101],[-74.5079290048597,39.3367602412401],[-74.5077083709941,39.3367304652675],[-74.5074590288701,39.3367081314385]]}},{"type":"Feature","id":308100,"properties":{"OBJECTID":308100,"PRIMENAME":"North Decatur Avenue","ELEVTYP_F":0,"ELEVTYP_T":0},"geometry":{"type":"LineString","coordinates":[[-74.5154564582857,39.3252283944948],[-74.5151476983637,39.3249049379588],[-74.5147006170331,39.3244375415597]]}},{"type":"Feature","id":308486,"properties":{"OBJECTID":308486,"PRIMENAME":"Fremont Avenue","ELEVTYP_F":0,"ELEVTYP_T":0},"geometry":{"type":"LineString","coordinates":[[-74.5152471630017,39.3284222350887],[-74.5150417502184,39.3285390362171],[-74.5146451714104,39.3287708231489]]}},{"type":"Feature","id":308688,"properties":{"OBJECTID":308688,"PRIMENAME":"Jerome Avenue","ELEVTYP_F":0,"ELEVTYP_T":0},"geometry":{"type":"LineString","coordinates":[[-74.5127316728872,39.3375554311936],[-74.5127877951504,39.3376063849437],[-74.5128571365475,39.3376346853582],[-74.5129373325415,39.3376573562441],[-74.512980651915,39.3376652758739]]}},{"type":"Feature","id":309337,"properties":{"OBJECTID":309337,"PRIMENAME":"Fulton Avenue","ELEVTYP_F":0,"ELEVTYP_T":0},"geometry":{"type":"LineString","coordinates":[[-74.511051641206,39.3328002962927],[-74.5107751506208,39.3329596816105],[-74.5106639312119,39.3330162800845],[-74.5105718732045,39.3330669466546],[-74.5104682876807,39.3331116282807],[-74.5104237411709,39.3331225879778]]}},{"type":"Feature","id":309801,"properties":{"OBJECTID":309801,"PRIMENAME":"Monmouth Avenue","ELEVTYP_F":0,"ELEVTYP_T":0},"geometry":{"type":"LineString","coordinates":[[-74.4935920134245,39.3359232309514],[-74.4938034544948,39.335801162352],[-74.4940513936677,39.3356580216051]]}},{"type":"Feature","id":309939,"properties":{"OBJECTID":309939,"PRIMENAME":"North Union Avenue","ELEVTYP_F":0,"ELEVTYP_T":0},"geometry":{"type":"LineString","coordinates":[[-74.5115942837598,39.3255730979165],[-74.5106512657664,39.3245779305402],[-74.5105761688419,39.3245008384154]]}},{"type":"Feature","id":309964,"properties":{"OBJECTID":309964,"PRIMENAME":"Atlantic Avenue","ELEVTYP_F":0,"ELEVTYP_T":0},"geometry":{"type":"LineString","coordinates":[[-74.5000387865526,39.3276826670145],[-74.4995137245875,39.3279383721839]]}},{"type":"Feature","id":310004,"properties":{"OBJECTID":310004,"PRIMENAME":"North Clermont Avenue","ELEVTYP_F":0,"ELEVTYP_T":0},"geometry":{"type":"LineString","coordinates":[[-74.4970173117461,39.3329369410487],[-74.4972112995898,39.3331252727121],[-74.4973363474045,39.3332525110954],[-74.4976559500379,39.3335919392169]]}},{"type":"Feature","id":312212,"properties":{"OBJECTID":312212,"PRIMENAME":"Winchester Avenue","ELEVTYP_F":0,"ELEVTYP_T":0},"geometry":{"type":"LineString","coordinates":[[-74.5038093636701,39.3300578724301],[-74.5036533505656,39.3301486497956],[-74.5032799873752,39.3303616440607]]}},{"type":"Feature","id":313072,"properties":{"OBJECTID":313072,"PRIMENAME":"North Brunswick Drive","ELEVTYP_F":0,"ELEVTYP_T":0},"geometry":{"type":"LineString","coordinates":[[-74.4983287358022,39.3350849999815],[-74.4983262960125,39.3350989544499],[-74.4981842830361,39.3359109546449]]}},{"type":"Feature","id":313321,"properties":{"OBJECTID":313321,"PRIMENAME":"North Fredericksburg Avenue","ELEVTYP_F":0,"ELEVTYP_T":0},"geometry":{"type":"LineString","coordinates":[[-74.4976044087627,39.3385761803485],[-74.4973667756239,39.3383239556683],[-74.4967778060587,39.3377076180311],[-74.4966598587154,39.3375827403806]]}},{"type":"Feature","id":313537,"properties":{"OBJECTID":313537,"PRIMENAME":"North Douglass Avenue","ELEVTYP_F":0,"ELEVTYP_T":0},"geometry":{"type":"LineString","coordinates":[[-74.4979893899949,39.3323754971425],[-74.498047865682,39.3324387857256],[-74.4985437479163,39.3329578374757],[-74.498622588383,39.3330404836063]]}},{"type":"Feature","id":313981,"properties":{"OBJECTID":313981,"PRIMENAME":"Amherst Avenue","ELEVTYP_F":0,"ELEVTYP_T":0},"geometry":{"type":"LineString","coordinates":[[-74.5180225036037,39.3252916157814],[-74.5184142827992,39.3250701142833],[-74.518880957398,39.3248017857701]]}},{"type":"Feature","id":314390,"properties":{"OBJECTID":314390,"PRIMENAME":"North Rosborough Avenue","ELEVTYP_F":0,"ELEVTYP_T":0},"geometry":{"type":"LineString","coordinates":[[-74.4901827209065,39.3379244870656],[-74.4902434905882,39.3379994497363],[-74.4906653810839,39.3385408234509]]}},{"type":"Feature","id":314663,"properties":{"OBJECTID":314663,"PRIMENAME":"Monmouth Avenue","ELEVTYP_F":0,"ELEVTYP_T":0},"geometry":{"type":"LineString","coordinates":[[-74.5127535105397,39.3267800092653],[-74.5132470466356,39.3264997295391],[-74.5133554607094,39.3264369231421]]}},{"type":"Feature","id":314871,"properties":{"OBJECTID":314871,"PRIMENAME":"Amherst Avenue","ELEVTYP_F":0,"ELEVTYP_T":0},"geometry":{"type":"LineString","coordinates":[[-74.5038035033966,39.333473341735],[-74.5041007291579,39.3333015896741],[-74.504333290523,39.3331677563341]]}},{"type":"Feature","id":315974,"properties":{"OBJECTID":315974,"PRIMENAME":"North Brunswick Drive","ELEVTYP_F":0,"ELEVTYP_T":0},"geometry":{"type":"LineString","coordinates":[[-74.4985086886237,39.3373180125897],[-74.4988445205474,39.337124982929]]}},{"type":"Feature","id":316384,"properties":{"OBJECTID":316384,"PRIMENAME":"North Belmont Avenue","ELEVTYP_F":0,"ELEVTYP_T":0},"geometry":{"type":"LineString","coordinates":[[-74.4968763931868,39.3359203170027],[-74.4957203291053,39.3347072366221]]}},{"type":"Feature","id":316423,"properties":{"OBJECTID":316423,"PRIMENAME":"Ventnor Avenue","ELEVTYP_F":0,"ELEVTYP_T":0},"geometry":{"type":"LineString","coordinates":[[-74.5123284825786,39.323324774093],[-74.5121191373431,39.3234462332031]]}},{"type":"Feature","id":316485,"properties":{"OBJECTID":316485,"PRIMENAME":"North Douglass Avenue","ELEVTYP_F":0,"ELEVTYP_T":0},"geometry":{"type":"LineString","coordinates":[[-74.5055666222592,39.3401540707634],[-74.5060257649334,39.3406228452666],[-74.5060688738236,39.3406797888032],[-74.5061125503539,39.3407666870186]]}},{"type":"Feature","id":316823,"properties":{"OBJECTID":316823,"PRIMENAME":"Winchester Avenue","ELEVTYP_F":0,"ELEVTYP_T":0},"geometry":{"type":"LineString","coordinates":[[-74.5193160401852,39.3211243829766],[-74.5189521732641,39.3213364650885],[-74.5184672850909,39.3216153680087]]}},{"type":"Feature","id":317492,"properties":{"OBJECTID":317492,"PRIMENAME":"Calvert Avenue","ELEVTYP_F":0,"ELEVTYP_T":0},"geometry":{"type":"LineString","coordinates":[[-74.4949570322198,39.3370197870229],[-74.4951122573845,39.3369307788745],[-74.4953431287081,39.3367978003647],[-74.4957085111604,39.3365873447693]]}},{"type":"Feature","id":318093,"properties":{"OBJECTID":318093,"PRIMENAME":"North Hanover Avenue","ELEVTYP_F":0,"ELEVTYP_T":0},"geometry":{"type":"LineString","coordinates":[[-74.5044334572862,39.3315672096434],[-74.5042071021732,39.3313294139222],[-74.5033905093441,39.3304779756555],[-74.5032799873752,39.3303616440607]]}},{"type":"Feature","id":318103,"properties":{"OBJECTID":318103,"PRIMENAME":"North Delavan Avenue","ELEVTYP_F":0,"ELEVTYP_T":0},"geometry":{"type":"LineString","coordinates":[[-74.4981388819091,39.3333174618442],[-74.4980941388852,39.3332703368453],[-74.4975907834262,39.3327401715133],[-74.4974972362753,39.3326597754987]]}},{"type":"Feature","id":318583,"properties":{"OBJECTID":318583,"PRIMENAME":"North Rumson Avenue","ELEVTYP_F":0,"ELEVTYP_T":0},"geometry":{"type":"LineString","coordinates":[[-74.510957947895,39.3278113359588],[-74.5098947302579,39.3266977250445],[-74.5098093062806,39.3266077832062]]}},{"type":"Feature","id":319113,"properties":{"OBJECTID":319113,"PRIMENAME":"Amherst Avenue","ELEVTYP_F":0,"ELEVTYP_T":0},"geometry":{"type":"LineString","coordinates":[[-74.518880957398,39.3248017857701],[-74.5194742345324,39.3244607006375],[-74.5197284726433,39.3243078606402]]}},{"type":"Feature","id":319835,"properties":{"OBJECTID":319835,"PRIMENAME":"South Frontenac Avenue","ELEVTYP_F":0,"ELEVTYP_T":0},"geometry":{"type":"LineString","coordinates":[[-74.4972711122286,39.3278822466285],[-74.4979389751786,39.3287014368718]]}},{"type":"Feature","id":319903,"properties":{"OBJECTID":319903,"PRIMENAME":"North Harding Avenue","ELEVTYP_F":0,"ELEVTYP_T":0},"geometry":{"type":"LineString","coordinates":[[-74.5153506119896,39.3268279649633],[-74.5154919470255,39.3269751429871],[-74.5160383746507,39.3275237399527]]}},{"type":"Feature","id":320247,"properties":{"OBJECTID":320247,"PRIMENAME":"Pacific Avenue","ELEVTYP_F":0,"ELEVTYP_T":0},"geometry":{"type":"LineString","coordinates":[[-74.5135961159448,39.3206624326986],[-74.5127401510918,39.3211538714052]]}},{"type":"Feature","id":320509,"properties":{"OBJECTID":320509,"PRIMENAME":"East Colmar Circle","ELEVTYP_F":0,"ELEVTYP_T":0},"geometry":{"type":"LineString","coordinates":[[-74.504011823456,39.3341637103166],[-74.5043187659954,39.3344378007245],[-74.5044645490412,39.3345718678253],[-74.5046400701647,39.334761504752],[-74.5048098661987,39.3349800001093],[-74.5048394586775,39.3350309651142],[-74.5048980915423,39.3351319420624]]}},{"type":"Feature","id":320650,"properties":{"OBJECTID":320650,"PRIMENAME":"Fulton Avenue","ELEVTYP_F":0,"ELEVTYP_T":0},"geometry":{"type":"LineString","coordinates":[[-74.4948393358061,39.3417008967788],[-74.495590653729,39.3412800977313]]}},{"type":"Feature","id":320816,"properties":{"OBJECTID":320816,"PRIMENAME":"Fremont Avenue","ELEVTYP_F":0,"ELEVTYP_T":0},"geometry":{"type":"LineString","coordinates":[[-74.5085880456931,39.3322513670715],[-74.5092284896069,39.3318825445873]]}},{"type":"Feature","id":321141,"properties":{"OBJECTID":321141,"PRIMENAME":"North Kenyon Avenue","ELEVTYP_F":0,"ELEVTYP_T":0},"geometry":{"type":"LineString","coordinates":[[-74.5085880456931,39.3322513670715],[-74.5078724087465,39.3314966552885],[-74.5076473844548,39.3312607605768]]}},{"type":"Feature","id":321588,"properties":{"OBJECTID":321588,"PRIMENAME":"North Nassau Avenue","ELEVTYP_F":0,"ELEVTYP_T":0},"geometry":{"type":"LineString","coordinates":[[-74.5061280432658,39.3266605879284],[-74.5069224215343,39.3274995154748],[-74.5073907556001,39.3279908558837]]}},{"type":"Feature","id":321599,"properties":{"OBJECTID":321599,"PRIMENAME":"North Washington Avenue","ELEVTYP_F":0,"ELEVTYP_T":0},"geometry":{"type":"LineString","coordinates":[[-74.5139176099477,39.3224089844374],[-74.5141111943396,39.3226153821075],[-74.5150400533335,39.3235851809822]]}},{"type":"Feature","id":321911,"properties":{"OBJECTID":321911,"PRIMENAME":"Argyle Court","ELEVTYP_F":0,"ELEVTYP_T":0},"geometry":{"type":"LineString","coordinates":[[-74.5026214956657,39.3430629225554],[-74.5025896656696,39.3429126245273],[-74.5025826959778,39.3428263277568],[-74.5025861580638,39.3427400037287],[-74.5026104816754,39.3426320975689],[-74.5026278419202,39.3425781448194],[-74.5026831897596,39.3424568887965],[-74.5027251102874,39.342365049992]]}},{"type":"Feature","id":321915,"properties":{"OBJECTID":321915,"PRIMENAME":"Atlantic Avenue","ELEVTYP_F":0,"ELEVTYP_T":0},"geometry":{"type":"LineString","coordinates":[[-74.497279340281,39.3290225042735],[-74.4970693009673,39.3291247758588],[-74.4968903027516,39.3292120015914]]}},{"type":"Feature","id":323150,"properties":{"OBJECTID":323150,"PRIMENAME":"East Colmar Circle","ELEVTYP_F":0,"ELEVTYP_T":0},"geometry":{"type":"LineString","coordinates":[[-74.5029311211108,39.3339762399899],[-74.5031486347134,39.3340386156575],[-74.5033749856866,39.3340833094897],[-74.5036626796708,39.334125007562],[-74.504011823456,39.3341637103166]]}},{"type":"Feature","id":323564,"properties":{"OBJECTID":323564,"PRIMENAME":"East Drive","ELEVTYP_F":0,"ELEVTYP_T":0},"geometry":{"type":"LineString","coordinates":[[-74.4948285930711,39.3344106390659],[-74.494841002768,39.3344230231021],[-74.494851713838,39.3344411722696],[-74.4948527378968,39.3344597606053],[-74.4948486349524,39.3344769209246],[-74.4948271335826,39.3345555835261],[-74.4946675372001,39.3349893397143],[-74.49456069564,39.3353752415071]]}},{"type":"Feature","id":323634,"properties":{"OBJECTID":323634,"PRIMENAME":"South Washington Avenue","ELEVTYP_F":0,"ELEVTYP_T":0},"geometry":{"type":"LineString","coordinates":[[-74.5127401510918,39.3211538714052],[-74.5139176099477,39.3224089844374]]}},{"type":"Feature","id":323740,"properties":{"OBJECTID":323740,"PRIMENAME":"Fremont Avenue","ELEVTYP_F":0,"ELEVTYP_T":0},"geometry":{"type":"LineString","coordinates":[[-74.4976044087627,39.3385761803485],[-74.49763525269,39.3385584403663],[-74.4979812411833,39.338359439251],[-74.498359106046,39.3381421006017]]}},{"type":"Feature","id":324805,"properties":{"OBJECTID":324805,"PRIMENAME":"South Mansfield Avenue","ELEVTYP_F":0,"ELEVTYP_T":0},"geometry":{"type":"LineString","coordinates":[[-74.503234282476,39.3244038022737],[-74.5041242072573,39.325515311576],[-74.504241935562,39.3256436131353]]}},{"type":"Feature","id":326137,"properties":{"OBJECTID":326137,"PRIMENAME":"South Granville Avenue","ELEVTYP_F":0,"ELEVTYP_T":0},"geometry":{"type":"LineString","coordinates":[[-74.4989913451055,39.328191576137],[-74.4993264175771,39.3286039804964],[-74.500069403151,39.329546302863]]}},{"type":"Feature","id":326141,"properties":{"OBJECTID":326141,"PRIMENAME":"North Lafayette Avenue","ELEVTYP_F":0,"ELEVTYP_T":0},"geometry":{"type":"LineString","coordinates":[[-74.4919354515812,39.3379193771275],[-74.4914517590629,39.337303019743]]}},{"type":"Feature","id":326269,"properties":{"OBJECTID":326269,"PRIMENAME":"North Harding Avenue","ELEVTYP_F":0,"ELEVTYP_T":0},"geometry":{"type":"LineString","coordinates":[[-74.5122661269431,39.3235945838994],[-74.5124044562973,39.3237393924229],[-74.5129771995825,39.3243389648823],[-74.5131791590204,39.3245503797395],[-74.5132446065145,39.3246194810518]]}},{"type":"Feature","id":326623,"properties":{"OBJECTID":326623,"PRIMENAME":"Gladstone Avenue","ELEVTYP_F":0,"ELEVTYP_T":0},"geometry":{"type":"LineString","coordinates":[[-74.506522993017,39.3377658955788],[-74.5066016845391,39.3378466814704],[-74.5066427739716,39.3378816865328],[-74.5066667830324,39.3378918445304],[-74.5066984296949,39.3379011499143]]}},{"type":"Feature","id":326658,"properties":{"OBJECTID":326658,"PRIMENAME":"South Clermont Avenue","ELEVTYP_F":0,"ELEVTYP_T":0},"geometry":{"type":"LineString","coordinates":[[-74.4947859109099,39.3302334049116],[-74.495607370826,39.3312432470789],[-74.4958783789792,39.3315861663078]]}},{"type":"Feature","id":327075,"properties":{"OBJECTID":327075,"PRIMENAME":"South Brunswick Avenue","ELEVTYP_F":0,"ELEVTYP_T":0},"geometry":{"type":"LineString","coordinates":[[-74.49374405062,39.3307381753441],[-74.493929110925,39.3309650615128],[-74.494617254708,39.3318327046054],[-74.494778997444,39.3320334358663],[-74.4948295418038,39.3320961627051]]}},{"type":"Feature","id":327391,"properties":{"OBJECTID":327391,"PRIMENAME":"North Gladstone Avenue","ELEVTYP_F":0,"ELEVTYP_T":0},"geometry":{"type":"LineString","coordinates":[[-74.5032002087837,39.333821925299],[-74.5022473707583,39.3328291345324]]}},{"type":"Feature","id":327634,"properties":{"OBJECTID":327634,"PRIMENAME":"South Exeter Avenue","ELEVTYP_F":0,"ELEVTYP_T":0},"geometry":{"type":"LineString","coordinates":[[-74.4968903027516,39.3292120015914],[-74.496012747473,39.3281170491407]]}},{"type":"Feature","id":327708,"properties":{"OBJECTID":327708,"PRIMENAME":"Amherst Avenue","ELEVTYP_F":0,"ELEVTYP_T":0},"geometry":{"type":"LineString","coordinates":[[-74.4992701287666,39.3360782340406],[-74.4997639267457,39.3357968579868]]}},{"type":"Feature","id":327783,"properties":{"OBJECTID":327783,"PRIMENAME":"Amherst Avenue","ELEVTYP_F":0,"ELEVTYP_T":0},"geometry":{"type":"LineString","coordinates":[[-74.5148430476842,39.3271191011923],[-74.5153506119896,39.3268279649633]]}},{"type":"Feature","id":328501,"properties":{"OBJECTID":328501,"PRIMENAME":"Lagoon Drive","ELEVTYP_F":0,"ELEVTYP_T":0},"geometry":{"type":"LineString","coordinates":[[-74.506952346431,39.3408743536465],[-74.5080056020155,39.340278774861],[-74.5081924902472,39.3401705454107],[-74.5084242208319,39.3400363473917],[-74.5088172475372,39.3398087369187]]}},{"type":"Feature","id":329206,"properties":{"OBJECTID":329206,"PRIMENAME":"South 34th Avenue","ELEVTYP_F":0,"ELEVTYP_T":0},"geometry":{"type":"LineString","coordinates":[[-74.5197987656854,39.3189699492603],[-74.5190707703896,39.3182055598635],[-74.5186394047947,39.3177567088689]]}},{"type":"Feature","id":329455,"properties":{"OBJECTID":329455,"PRIMENAME":"North Rumson Avenue","ELEVTYP_F":0,"ELEVTYP_T":0},"geometry":{"type":"LineString","coordinates":[[-74.5086821294052,39.3254216246195],[-74.5085330317026,39.325265351434]]}},{"type":"Feature","id":329982,"properties":{"OBJECTID":329982,"PRIMENAME":"South Knight Avenue","ELEVTYP_F":0,"ELEVTYP_T":0},"geometry":{"type":"LineString","coordinates":[[-74.5037444372266,39.3277628080551],[-74.502789439007,39.3265734305179],[-74.5026590890582,39.3264111355478]]}},{"type":"Feature","id":330353,"properties":{"OBJECTID":330353,"PRIMENAME":"North Madison Avenue","ELEVTYP_F":0,"ELEVTYP_T":0},"geometry":{"type":"LineString","coordinates":[[-74.5176125453703,39.322106677416],[-74.5168563242205,39.321312872624],[-74.5164855569815,39.320924711974]]}},{"type":"Feature","id":330520,"properties":{"OBJECTID":330520,"PRIMENAME":"Ventnor Avenue","ELEVTYP_F":0,"ELEVTYP_T":0},"geometry":{"type":"LineString","coordinates":[[-74.5059804692132,39.3265047501232],[-74.5057888677193,39.3265974266437],[-74.5055836210272,39.3267020474075],[-74.505402484929,39.3268242118618],[-74.5053799320723,39.3268456288796]]}},{"type":"Feature","id":331230,"properties":{"OBJECTID":331230,"PRIMENAME":"Dolphin Drive","ELEVTYP_F":0,"ELEVTYP_T":0},"geometry":{"type":"LineString","coordinates":[[-74.5005610433158,39.3265213486905],[-74.4997803589646,39.3269118972469]]}},{"type":"Feature","id":331306,"properties":{"OBJECTID":331306,"PRIMENAME":"North Mansfield Avenue","ELEVTYP_F":0,"ELEVTYP_T":0},"geometry":{"type":"LineString","coordinates":[[-74.511051641206,39.3328002962927],[-74.5098429093449,39.3315287670588]]}},{"type":"Feature","id":331582,"properties":{"OBJECTID":331582,"PRIMENAME":"Atlantic Avenue","ELEVTYP_F":0,"ELEVTYP_T":0},"geometry":{"type":"LineString","coordinates":[[-74.4958420732342,39.3297225568344],[-74.4953139058248,39.3299782149336]]}},{"type":"Feature","id":331758,"properties":{"OBJECTID":331758,"PRIMENAME":"Unnamed Segment","ELEVTYP_F":0,"ELEVTYP_T":0},"geometry":{"type":"LineString","coordinates":[[-74.5147006170331,39.3244375415597],[-74.5142681102595,39.3246849547397]]}},{"type":"Feature","id":331935,"properties":{"OBJECTID":331935,"PRIMENAME":"East Drive","ELEVTYP_F":0,"ELEVTYP_T":0},"geometry":{"type":"LineString","coordinates":[[-74.4940110675285,39.3333993913901],[-74.494035426648,39.3334138894376],[-74.4940538070476,39.3334591670831],[-74.4940967862724,39.3336212472974],[-74.4941673417807,39.3337952448406],[-74.4942287117109,39.333900105325],[-74.4944097864131,39.3341193848381],[-74.4945386874426,39.3342218873427],[-74.494695201298,39.3343195860234],[-74.494774997185,39.3343672823118],[-74.4948210282543,39.3344030331597],[-74.4948285930711,39.3344106390659]]}},{"type":"Feature","id":332021,"properties":{"OBJECTID":332021,"PRIMENAME":"Belmont Drive","ELEVTYP_F":0,"ELEVTYP_T":0},"geometry":{"type":"LineString","coordinates":[[-74.498404588775,39.3378915193404],[-74.498359106046,39.3381421006017]]}},{"type":"Feature","id":332407,"properties":{"OBJECTID":332407,"PRIMENAME":"Amherst Avenue","ELEVTYP_F":0,"ELEVTYP_T":0},"geometry":{"type":"LineString","coordinates":[[-74.5106851762393,39.3295066862657],[-74.510960804295,39.329346696702],[-74.5113007339702,39.3291555924279]]}},{"type":"Feature","id":332534,"properties":{"OBJECTID":332534,"PRIMENAME":"North Ventnor Avenue","ELEVTYP_F":0,"ELEVTYP_T":0},"geometry":{"type":"LineString","coordinates":[[-74.5059804692132,39.3265047501232],[-74.5061280432658,39.3266605879284]]}},{"type":"Feature","id":332649,"properties":{"OBJECTID":332649,"PRIMENAME":"Colgate Avenue","ELEVTYP_F":0,"ELEVTYP_T":0},"geometry":{"type":"LineString","coordinates":[[-74.5201251878229,39.3187739882991],[-74.5203268411189,39.3189864972132],[-74.5212895414488,39.319988887381]]}},{"type":"Feature","id":332861,"properties":{"OBJECTID":332861,"PRIMENAME":"South Essex Avenue","ELEVTYP_F":0,"ELEVTYP_T":0},"geometry":{"type":"LineString","coordinates":[[-74.4965627436763,39.3293717085977],[-74.4976498239419,39.3307226418732]]}},{"type":"Feature","id":332959,"properties":{"OBJECTID":332959,"PRIMENAME":"Monmouth Avenue","ELEVTYP_F":0,"ELEVTYP_T":0},"geometry":{"type":"LineString","coordinates":[[-74.5224419160671,39.3212015806805],[-74.5229230040604,39.3209239798284]]}},{"type":"Feature","id":333330,"properties":{"OBJECTID":333330,"PRIMENAME":"North Sumner Avenue","ELEVTYP_F":0,"ELEVTYP_T":0},"geometry":{"type":"LineString","coordinates":[[-74.5104031732885,39.3262622411836],[-74.510229497475,39.3260813711309],[-74.5093115250113,39.3251164473627]]}},{"type":"Feature","id":333363,"properties":{"OBJECTID":333363,"PRIMENAME":"North Sumner Avenue","ELEVTYP_F":0,"ELEVTYP_T":0},"geometry":{"type":"LineString","coordinates":[[-74.5115562034212,39.3274640302223],[-74.5114131063838,39.3273139100477],[-74.5104031732885,39.3262622411836]]}},{"type":"Feature","id":333541,"properties":{"OBJECTID":333541,"PRIMENAME":"North Washington Avenue","ELEVTYP_F":0,"ELEVTYP_T":0},"geometry":{"type":"LineString","coordinates":[[-74.4946757783977,39.3367251022544],[-74.4947387519286,39.3367907870197],[-74.4949570322198,39.3370197870229]]}},{"type":"Feature","id":334233,"properties":{"OBJECTID":334233,"PRIMENAME":"North Madison Avenue","ELEVTYP_F":0,"ELEVTYP_T":0},"geometry":{"type":"LineString","coordinates":[[-74.5197284726433,39.3243078606402],[-74.5188535686472,39.3233864688657],[-74.5187801965304,39.3233129786947]]}},{"type":"Feature","id":334629,"properties":{"OBJECTID":334629,"PRIMENAME":"Winchester Avenue","ELEVTYP_F":0,"ELEVTYP_T":0},"geometry":{"type":"LineString","coordinates":[[-74.5150400533335,39.3235851809822],[-74.5146631883053,39.3238025777997],[-74.5142957246461,39.3240142340413]]}},{"type":"Feature","id":335056,"properties":{"OBJECTID":335056,"PRIMENAME":"South Rumson Avenue","ELEVTYP_F":0,"ELEVTYP_T":0},"geometry":{"type":"LineString","coordinates":[[-74.5072636301157,39.3239331462971],[-74.5066376094155,39.3232743273262],[-74.5061545154497,39.322782087957],[-74.5060642425125,39.3226901032186]]}},{"type":"Feature","id":335200,"properties":{"OBJECTID":335200,"PRIMENAME":"North Coolidge Avenue","ELEVTYP_F":0,"ELEVTYP_T":0},"geometry":{"type":"LineString","coordinates":[[-74.5204783681053,39.322338576568],[-74.51996917473,39.3218061650139],[-74.5193160401852,39.3211243829766]]}},{"type":"Feature","id":335774,"properties":{"OBJECTID":335774,"PRIMENAME":"North Wissahickon Avenue","ELEVTYP_F":0,"ELEVTYP_T":0},"geometry":{"type":"LineString","coordinates":[[-74.4913725387437,39.3406244942491],[-74.4912933792203,39.3405422828886],[-74.4905308584652,39.3397374633333],[-74.4897920413497,39.3389632278574]]}},{"type":"Feature","id":335870,"properties":{"OBJECTID":335870,"PRIMENAME":"North Sumner Avenue","ELEVTYP_F":0,"ELEVTYP_T":0},"geometry":{"type":"LineString","coordinates":[[-74.5091633823141,39.3249606685466],[-74.5090192700408,39.324809200527]]}},{"type":"Feature","id":336126,"properties":{"OBJECTID":336126,"PRIMENAME":"Amherst Avenue","ELEVTYP_F":0,"ELEVTYP_T":0},"geometry":{"type":"LineString","coordinates":[[-74.5088955941155,39.3305408356993],[-74.5094961103998,39.3301955727767]]}},{"type":"Feature","id":337123,"properties":{"OBJECTID":337123,"PRIMENAME":"Iroquois Avenue","ELEVTYP_F":0,"ELEVTYP_T":0},"geometry":{"type":"LineString","coordinates":[[-74.5022426364376,39.3284953964052],[-74.5022779898264,39.328502562599],[-74.502324479701,39.3285237308223],[-74.5023747883428,39.3285570076989],[-74.5025568514823,39.328748619713]]}},{"type":"Feature","id":337483,"properties":{"OBJECTID":337483,"PRIMENAME":"Fulton Avenue","ELEVTYP_F":0,"ELEVTYP_T":0},"geometry":{"type":"LineString","coordinates":[[-74.4939780338042,39.3421955726529],[-74.4947387684314,39.3417572345009],[-74.4948393358061,39.3417008967788]]}},{"type":"Feature","id":338579,"properties":{"OBJECTID":338579,"PRIMENAME":"Ventnor Avenue","ELEVTYP_F":0,"ELEVTYP_T":0},"geometry":{"type":"LineString","coordinates":[[-74.5091633823141,39.3249606685466],[-74.5090403305371,39.3250201779125],[-74.5085330317026,39.325265351434]]}},{"type":"Feature","id":338658,"properties":{"OBJECTID":338658,"PRIMENAME":"Martindale Avenue","ELEVTYP_F":0,"ELEVTYP_T":0},"geometry":{"type":"LineString","coordinates":[[-74.4912403897822,39.3321778761584],[-74.4911157874674,39.3320149139595]]}},{"type":"Feature","id":338749,"properties":{"OBJECTID":338749,"PRIMENAME":"Pacific Avenue","ELEVTYP_F":0,"ELEVTYP_T":0},"geometry":{"type":"LineString","coordinates":[[-74.5204731526692,39.3166979361612],[-74.5199668150306,39.3169904129101]]}},{"type":"Feature","id":339077,"properties":{"OBJECTID":339077,"PRIMENAME":"Bayside Court","ELEVTYP_F":0,"ELEVTYP_T":0},"geometry":{"type":"LineString","coordinates":[[-74.5109705193668,39.3369963973902],[-74.5106030966237,39.3366122552848],[-74.5105532011562,39.3365675605608],[-74.5105148352171,39.3365467237166],[-74.5104534181311,39.3365377787683],[-74.5103920749116,39.3365497002216],[-74.5103153561527,39.3365884483276],[-74.5100660018871,39.3367344307516],[-74.5097053846519,39.3369400585138],[-74.5096785524462,39.3369668590434],[-74.509656955356,39.3370102422042]]}},{"type":"Feature","id":339221,"properties":{"OBJECTID":339221,"PRIMENAME":"North Wilson Avenue","ELEVTYP_F":0,"ELEVTYP_T":0},"geometry":{"type":"LineString","coordinates":[[-74.5148430476842,39.3271191011923],[-74.5144793701785,39.3267448269056],[-74.5138954744379,39.326124647368]]}},{"type":"Feature","id":339334,"properties":{"OBJECTID":339334,"PRIMENAME":"Pacific Avenue","ELEVTYP_F":0,"ELEVTYP_T":0},"geometry":{"type":"LineString","coordinates":[[-74.5175396450984,39.3183908607298],[-74.5172937268045,39.3185326571652],[-74.5172518215964,39.3185561242396]]}},{"type":"Feature","id":339569,"properties":{"OBJECTID":339569,"PRIMENAME":"North Mansfield Avenue","ELEVTYP_F":0,"ELEVTYP_T":0},"geometry":{"type":"LineString","coordinates":[[-74.5067926510829,39.3283361070343],[-74.5056563751849,39.3271362195395],[-74.5054907002028,39.3269620684389]]}},{"type":"Feature","id":339670,"properties":{"OBJECTID":339670,"PRIMENAME":"Atlantic Avenue","ELEVTYP_F":0,"ELEVTYP_T":0},"geometry":{"type":"LineString","coordinates":[[-74.4963668788813,39.3294671979956],[-74.4959873107379,39.3296522722795],[-74.4958420732342,39.3297225568344]]}},{"type":"Feature","id":340474,"properties":{"OBJECTID":340474,"PRIMENAME":"Winchester Avenue","ELEVTYP_F":0,"ELEVTYP_T":0},"geometry":{"type":"LineString","coordinates":[[-74.4937676242433,39.3344041625135],[-74.4932496676249,39.3346547598221]]}},{"type":"Feature","id":340895,"properties":{"OBJECTID":340895,"PRIMENAME":"North Thurlow Avenue","ELEVTYP_F":0,"ELEVTYP_T":0},"geometry":{"type":"LineString","coordinates":[[-74.51215042249,39.3271232301992],[-74.5125278113461,39.3275204359988],[-74.5131015913862,39.3281159401641]]}},{"type":"Feature","id":341303,"properties":{"OBJECTID":341303,"PRIMENAME":"South Ventnor Avenue","ELEVTYP_F":0,"ELEVTYP_T":0},"geometry":{"type":"LineString","coordinates":[[-74.5058361483019,39.326352289119],[-74.5056740651566,39.3264309608004],[-74.5054040199244,39.3265596920012],[-74.5052022008813,39.3266588475907]]}},{"type":"Feature","id":341776,"properties":{"OBJECTID":341776,"PRIMENAME":"North 36th Avenue","ELEVTYP_F":0,"ELEVTYP_T":0},"geometry":{"type":"LineString","coordinates":[[-74.5210085273928,39.3220286853017],[-74.5206911989633,39.321696541157],[-74.5198497306096,39.3208153476082]]}},{"type":"Feature","id":341953,"properties":{"OBJECTID":341953,"PRIMENAME":"North Lancaster Avenue","ELEVTYP_F":0,"ELEVTYP_T":0},"geometry":{"type":"LineString","coordinates":[[-74.5082822754708,39.3308940857369],[-74.5079043966625,39.3304920065438],[-74.5073362636336,39.3298993871788]]}},{"type":"Feature","id":342023,"properties":{"OBJECTID":342023,"PRIMENAME":"South Pembroke Avenue","ELEVTYP_F":0,"ELEVTYP_T":0},"geometry":{"type":"LineString","coordinates":[[-74.5060725092271,39.3246716677735],[-74.5070926441798,39.3257417703248]]}},{"type":"Feature","id":343222,"properties":{"OBJECTID":343222,"PRIMENAME":"South Decatur Avenue","ELEVTYP_F":0,"ELEVTYP_T":0},"geometry":{"type":"LineString","coordinates":[[-74.5116340766963,39.3212280928315],[-74.5113937301187,39.3209770232243],[-74.511115836352,39.3206844417042]]}},{"type":"Feature","id":343403,"properties":{"OBJECTID":343403,"PRIMENAME":"South Barclay Avenue","ELEVTYP_F":0,"ELEVTYP_T":0},"geometry":{"type":"LineString","coordinates":[[-74.4932154072459,39.3309958560878],[-74.4936132426191,39.3314848576436],[-74.4943086352572,39.3323483852595]]}},{"type":"Feature","id":343521,"properties":{"OBJECTID":343521,"PRIMENAME":"Fulton Avenue","ELEVTYP_F":0,"ELEVTYP_T":0},"geometry":{"type":"LineString","coordinates":[[-74.4928144755099,39.34286556338],[-74.4931156567767,39.3426924661534],[-74.4932654161867,39.3426061779831]]}},{"type":"Feature","id":344708,"properties":{"OBJECTID":344708,"PRIMENAME":"Monmouth Avenue","ELEVTYP_F":0,"ELEVTYP_T":0},"geometry":{"type":"LineString","coordinates":[[-74.4901827209065,39.3379244870656],[-74.4905721787122,39.3377344629901],[-74.4908101527423,39.337617735727]]}},{"type":"Feature","id":344717,"properties":{"OBJECTID":344717,"PRIMENAME":"North Sumner Avenue","ELEVTYP_F":0,"ELEVTYP_T":0},"geometry":{"type":"LineString","coordinates":[[-74.5093115250113,39.3251164473627],[-74.5091633823141,39.3249606685466]]}},{"type":"Feature","id":345365,"properties":{"OBJECTID":345365,"PRIMENAME":"North Osborne Avenue","ELEVTYP_F":0,"ELEVTYP_T":0},"geometry":{"type":"LineString","coordinates":[[-74.5079863428869,39.3276435137239],[-74.5077159685731,39.3273569647718],[-74.5067571780843,39.3263555065349]]}},{"type":"Feature","id":345645,"properties":{"OBJECTID":345645,"PRIMENAME":"North Adams Avenue","ELEVTYP_F":0,"ELEVTYP_T":0},"geometry":{"type":"LineString","coordinates":[[-74.5159086135399,39.3230852949184],[-74.5156935263727,39.3228602319533],[-74.514930458759,39.3220556527307],[-74.5147855630693,39.3219046855215]]}},{"type":"Feature","id":345932,"properties":{"OBJECTID":345932,"PRIMENAME":"South Douglass Avenue","ELEVTYP_F":0,"ELEVTYP_T":0},"geometry":{"type":"LineString","coordinates":[[-74.4958420732342,39.3297225568344],[-74.4964482131596,39.3304764333047],[-74.4968870907533,39.3310243201939],[-74.4969269887397,39.3310741281721]]}},{"type":"Feature","id":346299,"properties":{"OBJECTID":346299,"PRIMENAME":"Atlantic Avenue","ELEVTYP_F":0,"ELEVTYP_T":0},"geometry":{"type":"LineString","coordinates":[[-74.4965627436763,39.3293717085977],[-74.4963668788813,39.3294671979956]]}},{"type":"Feature","id":346429,"properties":{"OBJECTID":346429,"PRIMENAME":"Winchester Avenue","ELEVTYP_F":0,"ELEVTYP_T":0},"geometry":{"type":"LineString","coordinates":[[-74.5222795555666,39.319417982033],[-74.5217677977216,39.3197132960788]]}},{"type":"Feature","id":346581,"properties":{"OBJECTID":346581,"PRIMENAME":"South Woodcrest Avenue","ELEVTYP_F":0,"ELEVTYP_T":0},"geometry":{"type":"LineString","coordinates":[[-74.5209881806052,39.316402873889],[-74.5209921050359,39.3164069917142],[-74.522141692401,39.3176149122138]]}},{"type":"Feature","id":346689,"properties":{"OBJECTID":346689,"PRIMENAME":"Bayshore Drive West","ELEVTYP_F":0,"ELEVTYP_T":0},"geometry":{"type":"LineString","coordinates":[[-74.5120768404137,39.3379323462744],[-74.5121959518047,39.338079283499],[-74.5122581629921,39.338175842327],[-74.5123012470734,39.3382761379145],[-74.5123395223931,39.3383801678646],[-74.5123539001696,39.3385064675376],[-74.5123539184749,39.3386104465841],[-74.5123443946665,39.3387367767133],[-74.5122869975785,39.3388816722544],[-74.5122152798916,39.3390228353979],[-74.5121277297615,39.3391724434647],[-74.5120718024598,39.339268012021]]}},{"type":"Feature","id":347004,"properties":{"OBJECTID":347004,"PRIMENAME":"Ventnor Gardens Plaza","ELEVTYP_F":0,"ELEVTYP_T":0},"geometry":{"type":"LineString","coordinates":[[-74.4919354515812,39.3379193771275],[-74.4925758530417,39.3376120406476]]}},{"type":"Feature","id":347278,"properties":{"OBJECTID":347278,"PRIMENAME":"South Fredericksburg Avenue","ELEVTYP_F":0,"ELEVTYP_T":0},"geometry":{"type":"LineString","coordinates":[[-74.4927320000365,39.3331081665286],[-74.4924966697471,39.3328098326593],[-74.491645259207,39.3317583130236]]}},{"type":"Feature","id":350473,"properties":{"OBJECTID":350473,"PRIMENAME":"Ventnor Avenue","ELEVTYP_F":0,"ELEVTYP_T":0},"geometry":{"type":"LineString","coordinates":[[-74.4921900402266,39.3333708934418],[-74.4916818437297,39.3336172560528]]}},{"type":"Feature","id":350509,"properties":{"OBJECTID":350509,"PRIMENAME":"Ventnor Avenue","ELEVTYP_F":0,"ELEVTYP_T":0},"geometry":{"type":"LineString","coordinates":[[-74.4916818437297,39.3336172560528],[-74.4911580504102,39.3338711658723]]}},{"type":"Feature","id":350662,"properties":{"OBJECTID":350662,"PRIMENAME":"Ventnor Avenue","ELEVTYP_F":0,"ELEVTYP_T":0},"geometry":{"type":"LineString","coordinates":[[-74.4911580504102,39.3338711658723],[-74.4911385327322,39.3338806364453],[-74.4906305770493,39.3341272971364]]}},{"type":"Feature","id":350714,"properties":{"OBJECTID":350714,"PRIMENAME":"Ventnor Avenue","ELEVTYP_F":0,"ELEVTYP_T":0},"geometry":{"type":"LineString","coordinates":[[-74.5032229593745,39.3280178434157],[-74.5030002393728,39.3281236959996],[-74.5028496038009,39.3282001122927]]}},{"type":"Feature","id":350780,"properties":{"OBJECTID":350780,"PRIMENAME":"Ventnor Avenue","ELEVTYP_F":0,"ELEVTYP_T":0},"geometry":{"type":"LineString","coordinates":[[-74.4932575833638,39.3328543866202],[-74.4928210995311,39.3330652843061],[-74.4927320000365,39.3331081665286]]}},{"type":"Feature","id":351229,"properties":{"OBJECTID":351229,"PRIMENAME":"Ventnor Avenue","ELEVTYP_F":0,"ELEVTYP_T":0},"geometry":{"type":"LineString","coordinates":[[-74.517341634368,39.3204334654924],[-74.5170407836406,39.3206074772847],[-74.5164855569815,39.320924711974]]}},{"type":"Feature","id":351982,"properties":{"OBJECTID":351982,"PRIMENAME":"Ventnor Avenue","ELEVTYP_F":0,"ELEVTYP_T":0},"geometry":{"type":"LineString","coordinates":[[-74.5201251878229,39.3187739882991],[-74.5200755668649,39.3188023050142],[-74.5197987656854,39.3189699492603]]}},{"type":"Feature","id":352027,"properties":{"OBJECTID":352027,"PRIMENAME":"Wellington Avenue","ELEVTYP_F":0,"ELEVTYP_T":0},"geometry":{"type":"LineString","coordinates":[[-74.5104237411709,39.3331225879778],[-74.5104522070032,39.3331492459126],[-74.5105057826493,39.3332313917111],[-74.5105424942693,39.3333169170648],[-74.5105700535265,39.3334308873353],[-74.5106343229033,39.3338477321711],[-74.5106526957055,39.3340009390948],[-74.5106573013278,39.334057939465],[-74.5106435893554,39.3341042326373],[-74.5106022664299,39.3341576952006],[-74.5105288753966,39.3342075637053],[-74.5104678915283,39.3342430162268]]}},{"type":"Feature","id":353313,"properties":{"OBJECTID":353313,"PRIMENAME":"Ventnor Avenue","ELEVTYP_F":0,"ELEVTYP_T":0},"geometry":{"type":"LineString","coordinates":[[-74.5042767649743,39.3275024434313],[-74.5041319635943,39.3275732049615]]}},{"type":"Feature","id":354047,"properties":{"OBJECTID":354047,"PRIMENAME":"North Swarthmore Avenue","ELEVTYP_F":0,"ELEVTYP_T":0},"geometry":{"type":"LineString","coordinates":[[-74.4979875950293,39.3414280231853],[-74.4984268395551,39.3418769165565],[-74.4987718752369,39.3422416849087],[-74.4988735836635,39.3423470791929],[-74.4989470476088,39.3424232039367]]}},{"type":"Feature","id":354101,"properties":{"OBJECTID":354101,"PRIMENAME":"Ventnor Avenue","ELEVTYP_F":0,"ELEVTYP_T":0},"geometry":{"type":"LineString","coordinates":[[-74.4976498239419,39.3307226418732],[-74.4974231987242,39.3308335354246],[-74.4974061928456,39.3308417991172]]}},{"type":"Feature","id":354850,"properties":{"OBJECTID":354850,"PRIMENAME":"Ventnor Avenue","ELEVTYP_F":0,"ELEVTYP_T":0},"geometry":{"type":"LineString","coordinates":[[-74.5035007908269,39.3278827474119],[-74.5033195769051,39.3279719054549],[-74.5032229593745,39.3280178434157]]}},{"type":"Feature","id":355845,"properties":{"OBJECTID":355845,"PRIMENAME":"Ventnor Avenue","ELEVTYP_F":0,"ELEVTYP_T":0},"geometry":{"type":"LineString","coordinates":[[-74.500069403151,39.329546302863],[-74.4996859911473,39.3297317738552]]}},{"type":"Feature","id":355910,"properties":{"OBJECTID":355910,"PRIMENAME":"Ventnor Avenue","ELEVTYP_F":0,"ELEVTYP_T":0},"geometry":{"type":"LineString","coordinates":[[-74.5005927434169,39.3292930941262],[-74.5003928896498,39.3293897983121],[-74.500069403151,39.329546302863]]}},{"type":"Feature","id":357212,"properties":{"OBJECTID":357212,"PRIMENAME":"Ventnor Avenue","ELEVTYP_F":0,"ELEVTYP_T":0},"geometry":{"type":"LineString","coordinates":[[-74.4990235615094,39.3300524664287],[-74.4985577327602,39.3302782669318],[-74.4985062913812,39.3303034440448]]}},{"type":"Feature","id":357728,"properties":{"OBJECTID":357728,"PRIMENAME":"Ventnor Avenue","ELEVTYP_F":0,"ELEVTYP_T":0},"geometry":{"type":"LineString","coordinates":[[-74.5156408159037,39.3214159505965],[-74.5149820844457,39.3217924169604],[-74.5147855630693,39.3219046855215]]}},{"type":"Feature","id":359152,"properties":{"OBJECTID":359152,"PRIMENAME":"North Clarendon Avenue","ELEVTYP_F":0,"ELEVTYP_T":0},"geometry":{"type":"LineString","coordinates":[[-74.5002284139172,39.3370662157489],[-74.5007901079607,39.3376612391578]]}},{"type":"Feature","id":363187,"properties":{"OBJECTID":363187,"PRIMENAME":"Ventnor Avenue","ELEVTYP_F":0,"ELEVTYP_T":0},"geometry":{"type":"LineString","coordinates":[[-74.5116222966741,39.3237343889566],[-74.5114173502366,39.3238473940066],[-74.5113687472937,39.3238747457162]]}},{"type":"Feature","id":363972,"properties":{"OBJECTID":363972,"PRIMENAME":"Ventnor Avenue","ELEVTYP_F":0,"ELEVTYP_T":0},"geometry":{"type":"LineString","coordinates":[[-74.5028496038009,39.3282001122927],[-74.5027666673973,39.3282421778356],[-74.5027035272013,39.3282719701618]]}},{"type":"Feature","id":364704,"properties":{"OBJECTID":364704,"PRIMENAME":"Ventnor Avenue","ELEVTYP_F":0,"ELEVTYP_T":0},"geometry":{"type":"LineString","coordinates":[[-74.4983647319949,39.3303727165687],[-74.497978623352,39.3305616959494]]}},{"type":"Feature","id":365065,"properties":{"OBJECTID":365065,"PRIMENAME":"Ventnor Avenue","ELEVTYP_F":0,"ELEVTYP_T":0},"geometry":{"type":"LineString","coordinates":[[-74.5164855569815,39.320924711974],[-74.5162306508927,39.3210703520568],[-74.515720766734,39.3213702792785],[-74.5156408159037,39.3214159505965]]}},{"type":"Feature","id":365444,"properties":{"OBJECTID":365444,"PRIMENAME":"Ventnor Avenue","ELEVTYP_F":0,"ELEVTYP_T":0},"geometry":{"type":"LineString","coordinates":[[-74.511892173582,39.3235787080054],[-74.5117128213189,39.3236844909255],[-74.5116222966741,39.3237343889566]]}},{"type":"Feature","id":365947,"properties":{"OBJECTID":365947,"PRIMENAME":"Marshall Avenue","ELEVTYP_F":0,"ELEVTYP_T":0},"geometry":{"type":"LineString","coordinates":[[-74.4989470476088,39.3424232039367],[-74.499740851527,39.3419547399584]]}},{"type":"Feature","id":366737,"properties":{"OBJECTID":366737,"PRIMENAME":"Windsor Drive","ELEVTYP_F":0,"ELEVTYP_T":0},"geometry":{"type":"LineString","coordinates":[[-74.4944499751067,39.3388570057058],[-74.4935945918046,39.3379612599338]]}},{"type":"Feature","id":369487,"properties":{"OBJECTID":369487,"PRIMENAME":"Unnamed Segment","ELEVTYP_F":0,"ELEVTYP_T":0},"geometry":{"type":"LineString","coordinates":[[-74.495590653729,39.3412800977313],[-74.495607977732,39.3411446125616],[-74.4958542439066,39.3410060297588],[-74.4959423562673,39.3409814722044],[-74.4960191716453,39.3409569150984],[-74.4961795825286,39.3408727134016],[-74.4974154135542,39.3401622511408],[-74.4974831914327,39.3401131304014],[-74.497508044122,39.3400675200804],[-74.4975216016018,39.3400096278319],[-74.4975057896977,39.3399482253895],[-74.4972843949858,39.3397394570609],[-74.4972324334367,39.339735947172]]}},{"type":"Feature","id":369488,"properties":{"OBJECTID":369488,"PRIMENAME":"Unnamed Segment","ELEVTYP_F":0,"ELEVTYP_T":0},"geometry":{"type":"LineString","coordinates":[[-74.4972324334367,39.339735947172],[-74.4972225488603,39.3396684751516],[-74.497179652711,39.3395923311103],[-74.4958192106116,39.3382360063591]]}},{"type":"Feature","id":370177,"properties":{"OBJECTID":370177,"PRIMENAME":"Wellington Avenue","ELEVTYP_F":0,"ELEVTYP_T":0},"geometry":{"type":"LineString","coordinates":[[-74.4935379349571,39.3438039693503],[-74.4925918304176,39.3443926802428],[-74.4919849415086,39.3447536864434],[-74.4904085836501,39.3456408851055],[-74.4898253187483,39.3459896434805],[-74.4893445175293,39.3462588558388],[-74.488974069659,39.3464118071189],[-74.4885405772374,39.3465219147231],[-74.4880676891411,39.3465524650884]]}},{"type":"Feature","id":370178,"properties":{"OBJECTID":370178,"PRIMENAME":"Wellington Avenue","ELEVTYP_F":0,"ELEVTYP_T":0},"geometry":{"type":"LineString","coordinates":[[-74.4965499690306,39.3421640371104],[-74.4964221701413,39.3422632946833],[-74.4936952403238,39.3438236373004],[-74.4936483148149,39.3438410852847],[-74.4935379349571,39.3438039693503]]}},{"type":"Feature","id":371555,"properties":{"OBJECTID":371555,"PRIMENAME":"Ventnor Avenue","ELEVTYP_F":0,"ELEVTYP_T":0},"geometry":{"type":"LineString","coordinates":[[-74.5231192711244,39.3169728337622],[-74.5230143220051,39.3170735117818],[-74.5228887571692,39.3171720272974],[-74.5228773858026,39.3171809503172],[-74.5227814023799,39.317244613619],[-74.5226545985642,39.3173186080002]]}},{"type":"Feature","id":371630,"properties":{"OBJECTID":371630,"PRIMENAME":"Ventnor Avenue","ELEVTYP_F":0,"ELEVTYP_T":0},"geometry":{"type":"LineString","coordinates":[[-74.5181890027092,39.3199415005896],[-74.5179660555729,39.3200728066161],[-74.5175391015313,39.3203192701047],[-74.517341634368,39.3204334654924]]}},{"type":"Feature","id":372297,"properties":{"OBJECTID":372297,"PRIMENAME":"Ventnor Avenue","ELEVTYP_F":0,"ELEVTYP_T":0},"geometry":{"type":"LineString","coordinates":[[-74.4927320000365,39.3331081665286],[-74.4921900402266,39.3333708934418]]}},{"type":"Feature","id":373339,"properties":{"OBJECTID":373339,"PRIMENAME":"Ventnor Avenue","ELEVTYP_F":0,"ELEVTYP_T":0},"geometry":{"type":"LineString","coordinates":[[-74.5131724024581,39.3228345704733],[-74.5128375646249,39.3230291128655],[-74.5127379572664,39.3230869750789]]}},{"type":"Feature","id":374308,"properties":{"OBJECTID":374308,"PRIMENAME":"Ventnor Avenue","ELEVTYP_F":0,"ELEVTYP_T":0},"geometry":{"type":"LineString","coordinates":[[-74.5037444372266,39.3277628080551],[-74.5035007908269,39.3278827474119]]}},{"type":"Feature","id":375772,"properties":{"OBJECTID":375772,"PRIMENAME":"Ventnor Avenue","ELEVTYP_F":0,"ELEVTYP_T":0},"geometry":{"type":"LineString","coordinates":[[-74.5051815822689,39.3270207580915],[-74.5051498725214,39.3270463498474],[-74.505040250522,39.3271204052303],[-74.5049020278453,39.3272018483992],[-74.5048109273231,39.3272445751459]]}},{"type":"Feature","id":376849,"properties":{"OBJECTID":376849,"PRIMENAME":"Waldon Drive","ELEVTYP_F":0,"ELEVTYP_T":0},"geometry":{"type":"LineString","coordinates":[[-74.4951500145942,39.3384464815143],[-74.4942970738457,39.3375509589398]]}},{"type":"Feature","id":377896,"properties":{"OBJECTID":377896,"PRIMENAME":"Ventnor Avenue","ELEVTYP_F":0,"ELEVTYP_T":0},"geometry":{"type":"LineString","coordinates":[[-74.519258661367,39.3192983972384],[-74.5188800700556,39.3195304157833],[-74.5187177392427,39.3196276661697]]}},{"type":"Feature","id":377933,"properties":{"OBJECTID":377933,"PRIMENAME":"Ventnor Avenue","ELEVTYP_F":0,"ELEVTYP_T":0},"geometry":{"type":"LineString","coordinates":[[-74.4974061928456,39.3308417991172],[-74.4969269887397,39.3310741281721]]}},{"type":"Feature","id":377993,"properties":{"OBJECTID":377993,"PRIMENAME":"Ventnor Avenue","ELEVTYP_F":0,"ELEVTYP_T":0},"geometry":{"type":"LineString","coordinates":[[-74.5053799320723,39.3268456288796],[-74.5052738107574,39.3269464006901],[-74.5051815822689,39.3270207580915]]}},{"type":"Feature","id":378577,"properties":{"OBJECTID":378577,"PRIMENAME":"Ventnor Avenue","ELEVTYP_F":0,"ELEVTYP_T":0},"geometry":{"type":"LineString","coordinates":[[-74.4943086352572,39.3323483852595],[-74.4937832707203,39.3326011259043]]}},{"type":"Feature","id":379572,"properties":{"OBJECTID":379572,"PRIMENAME":"Ventnor Avenue","ELEVTYP_F":0,"ELEVTYP_T":0},"geometry":{"type":"LineString","coordinates":[[-74.5206075064061,39.3184985658533],[-74.5201251878229,39.3187739882991]]}},{"type":"Feature","id":379808,"properties":{"OBJECTID":379808,"PRIMENAME":"Ventnor Avenue","ELEVTYP_F":0,"ELEVTYP_T":0},"geometry":{"type":"LineString","coordinates":[[-74.501696611701,39.3287591839868],[-74.5013414547776,39.3289307667782],[-74.5011605531916,39.3290183017759]]}},{"type":"Feature","id":380040,"properties":{"OBJECTID":380040,"PRIMENAME":"Unnamed Segment","ELEVTYP_F":0,"ELEVTYP_T":0},"geometry":{"type":"LineString","coordinates":[[-74.4953600272121,39.3410386124285],[-74.4957093615224,39.3408393408346],[-74.4957164439944,39.3407797190049],[-74.4957164472048,39.3407270890224],[-74.4957119338434,39.3406235854745],[-74.4957435672665,39.3405797278645],[-74.4957955305165,39.3405446430957],[-74.4971013969315,39.3397938365257],[-74.4971940267049,39.3397464722516],[-74.4972324334367,39.339735947172]]}},{"type":"Feature","id":380278,"properties":{"OBJECTID":380278,"PRIMENAME":"Ventnor Avenue","ELEVTYP_F":0,"ELEVTYP_T":0},"geometry":{"type":"LineString","coordinates":[[-74.4953564196291,39.3318410284174],[-74.4948295418038,39.3320961627051]]}},{"type":"Feature","id":380872,"properties":{"OBJECTID":380872,"PRIMENAME":"Ventnor Avenue","ELEVTYP_F":0,"ELEVTYP_T":0},"geometry":{"type":"LineString","coordinates":[[-74.4937832707203,39.3326011259043],[-74.4934332371005,39.3327695273736],[-74.4932575833638,39.3328543866202]]}},{"type":"Feature","id":381054,"properties":{"OBJECTID":381054,"PRIMENAME":"North Swarthmore Avenue","ELEVTYP_F":0,"ELEVTYP_T":0},"geometry":{"type":"LineString","coordinates":[[-74.4989470476088,39.3424232039367],[-74.4994104393151,39.3429056778218],[-74.4996746863748,39.3431820868204],[-74.4997241561137,39.3432418333249],[-74.4997517727588,39.3432732987609],[-74.499781121531,39.3432932319942],[-74.4998278687127,39.3433159667729],[-74.4998785406484,39.3433278557566],[-74.4999268436365,39.343327855796],[-74.4999866376696,39.3433188774206]]}},{"type":"Feature","id":381222,"properties":{"OBJECTID":381222,"PRIMENAME":"Ventnor Avenue","ELEVTYP_F":0,"ELEVTYP_T":0},"geometry":{"type":"LineString","coordinates":[[-74.4948295418038,39.3320961627051],[-74.4943103682826,39.3323475340749],[-74.4943086352572,39.3323483852595]]}},{"type":"Feature","id":382664,"properties":{"OBJECTID":382664,"PRIMENAME":"Ventnor Avenue","ELEVTYP_F":0,"ELEVTYP_T":0},"geometry":{"type":"LineString","coordinates":[[-74.5127379572664,39.3230869750789],[-74.5123466663096,39.3233142236169],[-74.5123284825786,39.323324774093]]}},{"type":"Feature","id":383332,"properties":{"OBJECTID":383332,"PRIMENAME":"Ventnor Avenue","ELEVTYP_F":0,"ELEVTYP_T":0},"geometry":{"type":"LineString","coordinates":[[-74.5022426364376,39.3284953964052],[-74.501696611701,39.3287591839868]]}},{"type":"Feature","id":383749,"properties":{"OBJECTID":383749,"PRIMENAME":"Ventnor Avenue","ELEVTYP_F":0,"ELEVTYP_T":0},"geometry":{"type":"LineString","coordinates":[[-74.5048109273231,39.3272445751459],[-74.5046494056271,39.3273203078083],[-74.5042767649743,39.3275024434313]]}},{"type":"Feature","id":383941,"properties":{"OBJECTID":383941,"PRIMENAME":"Ventnor Avenue","ELEVTYP_F":0,"ELEVTYP_T":0},"geometry":{"type":"LineString","coordinates":[[-74.5184368818209,39.3197955077876],[-74.5181890027092,39.3199415005896]]}},{"type":"Feature","id":384109,"properties":{"OBJECTID":384109,"PRIMENAME":"Ventnor Avenue","ELEVTYP_F":0,"ELEVTYP_T":0},"geometry":{"type":"LineString","coordinates":[[-74.5139176099477,39.3224089844374],[-74.5133665606354,39.3227217833525],[-74.5131724024581,39.3228345704733]]}},{"type":"Feature","id":384656,"properties":{"OBJECTID":384656,"PRIMENAME":"Ventnor Avenue","ELEVTYP_F":0,"ELEVTYP_T":0},"geometry":{"type":"LineString","coordinates":[[-74.5187177392427,39.3196276661697],[-74.5184808684572,39.3197696014523],[-74.5184368818209,39.3197955077876]]}},{"type":"Feature","id":386297,"properties":{"OBJECTID":386297,"PRIMENAME":"Ventnor Avenue","ELEVTYP_F":0,"ELEVTYP_T":0},"geometry":{"type":"LineString","coordinates":[[-74.4985062913812,39.3303034440448],[-74.4983647319949,39.3303727165687]]}},{"type":"Feature","id":387763,"properties":{"OBJECTID":387763,"PRIMENAME":"Ventnor Avenue","ELEVTYP_F":0,"ELEVTYP_T":0},"geometry":{"type":"LineString","coordinates":[[-74.5041319635943,39.3275732049615],[-74.503801000178,39.3277349656407],[-74.5037444372266,39.3277628080551]]}},{"type":"Feature","id":388580,"properties":{"OBJECTID":388580,"PRIMENAME":"Wellington Avenue","ELEVTYP_F":0,"ELEVTYP_T":0},"geometry":{"type":"LineString","coordinates":[[-74.4965499690306,39.3421640371104],[-74.496553843765,39.3421644588053],[-74.4966098189962,39.3421623741662],[-74.4966667132889,39.3421547972727],[-74.4967239977466,39.3421390391833],[-74.4967946831366,39.342110623218],[-74.4968675825015,39.3420698346093],[-74.4968711336707,39.3420678475124],[-74.4969551862733,39.3420250719552],[-74.4970779817288,39.3419509283207],[-74.4974240220958,39.3417539540062],[-74.4979875950293,39.3414280231853]]}},{"type":"Feature","id":391909,"properties":{"OBJECTID":391909,"PRIMENAME":"Ventnor Avenue","ELEVTYP_F":0,"ELEVTYP_T":0},"geometry":{"type":"LineString","coordinates":[[-74.4969269887397,39.3310741281721],[-74.4964460136879,39.3313073605091],[-74.4964120014572,39.3313240803791]]}},{"type":"Feature","id":392859,"properties":{"OBJECTID":392859,"PRIMENAME":"Ventnor Avenue","ELEVTYP_F":0,"ELEVTYP_T":0},"geometry":{"type":"LineString","coordinates":[[-74.5027035272013,39.3282719701618],[-74.5025235834977,39.3283569255306],[-74.5023376639127,39.328449487219],[-74.5022426364376,39.3284953964052]]}},{"type":"Feature","id":394432,"properties":{"OBJECTID":394432,"PRIMENAME":"Ventnor Avenue","ELEVTYP_F":0,"ELEVTYP_T":0},"geometry":{"type":"LineString","coordinates":[[-74.497978623352,39.3305616959494],[-74.4976498239419,39.3307226418732]]}},{"type":"Feature","id":397362,"properties":{"OBJECTID":397362,"PRIMENAME":"Ventnor Avenue","ELEVTYP_F":0,"ELEVTYP_T":0},"geometry":{"type":"LineString","coordinates":[[-74.5216302308991,39.3179091266931],[-74.52129667543,39.3181010575516],[-74.5211221220606,39.3182019654587]]}},{"type":"Feature","id":399146,"properties":{"OBJECTID":399146,"PRIMENAME":"Ventnor Avenue","ELEVTYP_F":0,"ELEVTYP_T":0},"geometry":{"type":"LineString","coordinates":[[-74.5121191373431,39.3234462332031],[-74.5119701842698,39.3235326827554],[-74.511892173582,39.3235787080054]]}},{"type":"Feature","id":399997,"properties":{"OBJECTID":399997,"PRIMENAME":"Ventnor Avenue","ELEVTYP_F":0,"ELEVTYP_T":0},"geometry":{"type":"LineString","coordinates":[[-74.522141692401,39.3176149122138],[-74.5220902353459,39.3176444930868],[-74.5216302308991,39.3179091266931]]}},{"type":"Feature","id":400356,"properties":{"OBJECTID":400356,"PRIMENAME":"Ventnor Avenue","ELEVTYP_F":0,"ELEVTYP_T":0},"geometry":{"type":"LineString","coordinates":[[-74.5147855630693,39.3219046855215],[-74.5143339844478,39.3221626995699],[-74.5140384940151,39.3223404097481],[-74.5139176099477,39.3224089844374]]}},{"type":"Feature","id":400625,"properties":{"OBJECTID":400625,"PRIMENAME":"Ventnor Avenue","ELEVTYP_F":0,"ELEVTYP_T":0},"geometry":{"type":"LineString","coordinates":[[-74.5226545985642,39.3173186080002],[-74.5224780353817,39.3174216604859],[-74.522141692401,39.3176149122138]]}},{"type":"Feature","id":400692,"properties":{"OBJECTID":400692,"PRIMENAME":"Ventnor Avenue","ELEVTYP_F":0,"ELEVTYP_T":0},"geometry":{"type":"LineString","coordinates":[[-74.5211221220606,39.3182019654587],[-74.5207332888024,39.3184267430637],[-74.5206075064061,39.3184985658533]]}},{"type":"Feature","id":401171,"properties":{"OBJECTID":401171,"PRIMENAME":"Ventnor Avenue","ELEVTYP_F":0,"ELEVTYP_T":0},"geometry":{"type":"LineString","coordinates":[[-74.4995501964936,39.3297974779153],[-74.4992679654105,39.3299339642835],[-74.4990235615094,39.3300524664287]]}},{"type":"Feature","id":401260,"properties":{"OBJECTID":401260,"PRIMENAME":"Ventnor Avenue","ELEVTYP_F":0,"ELEVTYP_T":0},"geometry":{"type":"LineString","coordinates":[[-74.5011605531916,39.3290183017759],[-74.5005927434169,39.3292930941262]]}},{"type":"Feature","id":401741,"properties":{"OBJECTID":401741,"PRIMENAME":"Ventnor Avenue","ELEVTYP_F":0,"ELEVTYP_T":0},"geometry":{"type":"LineString","coordinates":[[-74.5197987656854,39.3189699492603],[-74.5194413827121,39.3191864251557],[-74.519258661367,39.3192983972384]]}},{"type":"Feature","id":433545,"properties":{"OBJECTID":433545,"PRIMENAME":"South Huntington Avenue","ELEVTYP_F":0,"ELEVTYP_T":0},"geometry":{"type":"LineString","coordinates":[[-74.5011605531916,39.3290183017759],[-74.5010375572813,39.3289324724297],[-74.5008649237996,39.3287090574193],[-74.5002990899192,39.3280014964875],[-74.5000387865526,39.3276826670145]]}},{"type":"Feature","id":434065,"properties":{"OBJECTID":434065,"PRIMENAME":"Boardwalk","ELEVTYP_F":0,"ELEVTYP_T":0},"geometry":{"type":"LineString","coordinates":[[-74.4902093640691,39.3308821908823],[-74.4907161990729,39.3306373217191]]}}]}
